{
  "compositions": [
    0.0
  ],
  "fact_accuracy": [
    0.9842592477798462
  ],
  "fact_accuracy_matrix": [
    [
      [
        0.9930555820465088,
        0.9976851940155029,
        0.9953703880310059,
        0.9953703880310059,
        0.9907407164573669,
        0.9907407164573669,
        0.9976851940155029,
        0.9907407164573669,
        0.9861111044883728,
        0.9699074029922485
      ],
      [
        0.0,
        0.9745370149612427,
        0.9861111044883728,
        0.9768518805503845,
        0.9837962985038757,
        0.9722222089767456,
        0.9745370149612427,
        0.9768518805503845,
        0.9791666865348816,
        0.9537037014961243
      ],
      [
        0.0,
        0.0,
        0.9837962985038757,
        0.9861111044883728,
        0.9814814925193787,
        0.9768518805503845,
        0.9722222089767456,
        0.9722222089767456,
        0.9652777910232544,
        0.9606481194496155
      ],
      [
        0.0,
        0.0,
        0.0,
        0.9837962985038757,
        0.9907407164573669,
        0.9884259104728699,
        0.9884259104728699,
        0.9629629850387573,
        0.9583333134651184,
        0.9513888955116272
      ],
      [
        0.0,
        0.0,
        0.0,
        0.0,
        0.9791666865348816,
        0.9907407164573669,
        0.9791666865348816,
        0.9745370149612427,
        0.9652777910232544,
        0.9490740895271301
      ],
      [
        0.0,
        0.0,
        0.0,
        0.0,
        0.0,
        0.9976851940155029,
        1.0,
        0.9907407164573669,
        0.9861111044883728,
        0.9745370149612427
      ],
      [
        0.0,
        0.0,
        0.0,
        0.0,
        0.0,
        0.0,
        0.9884259104728699,
        0.9953703880310059,
        1.0,
        0.9884259104728699
      ],
      [
        0.0,
        0.0,
        0.0,
        0.0,
        0.0,
        0.0,
        0.0,
        0.9722222089767456,
        0.9791666865348816,
        0.9652777910232544
      ],
      [
        0.0,
        0.0,
        0.0,
        0.0,
        0.0,
        0.0,
        0.0,
        0.0,
        0.9745370149612427,
        0.9675925970077515
      ],
      [
        0.0,
        0.0,
        0.0,
        0.0,
        0.0,
        0.0,
        0.0,
        0.0,
        0.0,
        0.9953703880310059
      ]
    ]
  ],
  "fact_accuracy_over_time": [
    [
      0.9930555820465088,
      0.9745370149612427,
      0.9837962985038757,
      0.9837962985038757,
      0.9791666865348816,
      0.9976851940155029,
      0.9884259104728699,
      0.9722222089767456,
      0.9745370149612427,
      0.9953703880310059
    ]
  ],
  "fact_retention": [
    [
      0.9842592477798462,
      0.9881687164306641,
      0.9846643805503845,
      0.9847883582115173,
      0.9729938507080078,
      0.9689815044403076,
      0.9728009104728699,
      0.9768518805503845,
      0.9699074029922485,
      0.9699074029922485
    ]
  ],
  "fact_selectivity": [
    0.572685182094574
  ],
  "fact_selectivity_matrix": [
    [
      [
        0.6805555820465088,
        0.6620370149612427,
        0.6388888955116272,
        0.5694444179534912,
        0.48148149251937866,
        0.44907405972480774,
        0.4444444477558136,
        0.46296295523643494,
        0.3888888955116272,
        0.37037035822868347
      ],
      [
        0.0,
        0.6805555820465088,
        0.6435185074806213,
        0.625,
        0.5740740895271301,
        0.4305555522441864,
        0.42129629850387573,
        0.42129629850387573,
        0.4305555522441864,
        0.33796295523643494
      ],
      [
        0.0,
        0.0,
        0.6388888955116272,
        0.6111111044883728,
        0.5648148059844971,
        0.5277777910232544,
        0.40740740299224854,
        0.37037035822868347,
        0.37962964177131653,
        0.3888888955116272
      ],
      [
        0.0,
        0.0,
        0.0,
        0.5925925970077515,
        0.5833333134651184,
        0.5694444179534912,
        0.5231481194496155,
        0.40740740299224854,
        0.3888888955116272,
        0.38425925374031067
      ],
      [
        0.0,
        0.0,
        0.0,
        0.0,
        0.5370370149612427,
        0.5370370149612427,
        0.5370370149612427,
        0.5,
        0.38425925374031067,
        0.37037035822868347
      ],
      [
        0.0,
        0.0,
        0.0,
        0.0,
        0.0,
        0.5787037014961243,
        0.6064814925193787,
        0.5462962985038757,
        0.5046296119689941,
        0.44907405972480774
      ],
      [
        0.0,
        0.0,
        0.0,
        0.0,
        0.0,
        0.0,
        0.5879629850387573,
        0.5833333134651184,
        0.5462962985038757,
        0.4861111044883728
      ],
      [
        0.0,
        0.0,
        0.0,
        0.0,
        0.0,
        0.0,
        0.0,
        0.4861111044883728,
        0.5185185074806213,
        0.49537035822868347
      ],
      [
        0.0,
        0.0,
        0.0,
        0.0,
        0.0,
        0.0,
        0.0,
        0.0,
        0.48148149251937866,
        0.5092592835426331
      ],
      [
        0.0,
        0.0,
        0.0,
        0.0,
        0.0,
        0.0,
        0.0,
        0.0,
        0.0,
        0.46296295523643494
      ]
    ]
  ],
  "fact_specificity": [
    0.7847222089767456
  ],
  "fact_specificity_matrix": [
    [
      [
        0.8148148059844971,
        0.7777777910232544,
        0.7546296119689941,
        0.7407407164573669,
        0.7222222089767456,
        0.7268518805503845,
        0.7083333134651184,
        0.7268518805503845,
        0.7361111044883728,
        0.7314814925193787
      ],
      [
        0.0,
        0.7731481194496155,
        0.7685185074806213,
        0.7407407164573669,
        0.7222222089767456,
        0.7268518805503845,
        0.6990740895271301,
        0.7083333134651184,
        0.7175925970077515,
        0.7083333134651184
      ],
      [
        0.0,
        0.0,
        0.8055555820465088,
        0.7870370149612427,
        0.7824074029922485,
        0.7731481194496155,
        0.7638888955116272,
        0.7685185074806213,
        0.7638888955116272,
        0.7546296119689941
      ],
      [
        0.0,
        0.0,
        0.0,
        0.7453703880310059,
        0.7592592835426331,
        0.75,
        0.7222222089767456,
        0.7037037014961243,
        0.7037037014961243,
        0.6990740895271301
      ],
      [
        0.0,
        0.0,
        0.0,
        0.0,
        0.7870370149612427,
        0.7777777910232544,
        0.7685185074806213,
        0.75,
        0.7314814925193787,
        0.7222222089767456
      ],
      [
        0.0,
        0.0,
        0.0,
        0.0,
        0.0,
        0.7916666865348816,
        0.7962962985038757,
        0.8009259104728699,
        0.7731481194496155,
        0.7638888955116272
      ],
      [
        0.0,
        0.0,
        0.0,
        0.0,
        0.0,
        0.0,
        0.7916666865348816,
        0.8009259104728699,
        0.7962962985038757,
        0.7685185074806213
      ],
      [
        0.0,
        0.0,
        0.0,
        0.0,
        0.0,
        0.0,
        0.0,
        0.75,
        0.75,
        0.7407407164573669
      ],
      [
        0.0,
        0.0,
        0.0,
        0.0,
        0.0,
        0.0,
        0.0,
        0.0,
        0.7777777910232544,
        0.7731481194496155
      ],
      [
        0.0,
        0.0,
        0.0,
        0.0,
        0.0,
        0.0,
        0.0,
        0.0,
        0.0,
        0.8101851940155029
      ]
    ]
  ],
  "flops_per_token": [
    [
      0.0,
      0.0,
      0.0,
      0.0,
      0.0,
      0.0,
      0.0,
      0.0,
      0.0,
      0.0
    ]
  ],
  "loss": [
    0.9505209922790527
  ],
  "non_compositions": [
    0.0
  ]
}