{
  "compositions": [
    0.0
  ],
  "fact_accuracy": [
    0.16875000298023224
  ],
  "fact_accuracy_matrix": [
    [
      [
        0.1597222238779068,
        0.1597222238779068,
        0.1597222238779068,
        0.1597222238779068,
        0.1597222238779068,
        0.1597222238779068,
        0.1597222238779068,
        0.1597222238779068,
        0.1597222238779068,
        0.1597222238779068
      ],
      [
        0.0,
        0.1458333283662796,
        0.1458333283662796,
        0.1458333283662796,
        0.1458333283662796,
        0.1458333283662796,
        0.1458333283662796,
        0.1458333283662796,
        0.1458333283662796,
        0.1458333283662796
      ],
      [
        0.0,
        0.0,
        0.19907407462596893,
        0.19907407462596893,
        0.19907407462596893,
        0.19907407462596893,
        0.19907407462596893,
        0.19907407462596893,
        0.19907407462596893,
        0.19907407462596893
      ],
      [
        0.0,
        0.0,
        0.0,
        0.19675925374031067,
        0.19675925374031067,
        0.19675925374031067,
        0.19675925374031067,
        0.19675925374031067,
        0.19675925374031067,
        0.19675925374031067
      ],
      [
        0.0,
        0.0,
        0.0,
        0.0,
        0.1666666716337204,
        0.1666666716337204,
        0.1666666716337204,
        0.1666666716337204,
        0.1666666716337204,
        0.1666666716337204
      ],
      [
        0.0,
        0.0,
        0.0,
        0.0,
        0.0,
        0.1527777761220932,
        0.1527777761220932,
        0.1527777761220932,
        0.1527777761220932,
        0.1527777761220932
      ],
      [
        0.0,
        0.0,
        0.0,
        0.0,
        0.0,
        0.0,
        0.1805555522441864,
        0.1805555522441864,
        0.1805555522441864,
        0.1805555522441864
      ],
      [
        0.0,
        0.0,
        0.0,
        0.0,
        0.0,
        0.0,
        0.0,
        0.15509259700775146,
        0.15509259700775146,
        0.15509259700775146
      ],
      [
        0.0,
        0.0,
        0.0,
        0.0,
        0.0,
        0.0,
        0.0,
        0.0,
        0.16435185074806213,
        0.16435185074806213
      ],
      [
        0.0,
        0.0,
        0.0,
        0.0,
        0.0,
        0.0,
        0.0,
        0.0,
        0.0,
        0.1666666716337204
      ]
    ]
  ],
  "fact_accuracy_over_time": [
    [
      0.1597222238779068,
      0.1458333283662796,
      0.19907407462596893,
      0.19675925374031067,
      0.1666666716337204,
      0.1527777761220932,
      0.1805555522441864,
      0.15509259700775146,
      0.16435185074806213,
      0.1666666716337204
    ]
  ],
  "fact_retention": [
    [
      0.16875000298023224,
      0.16898147761821747,
      0.16956017911434174,
      0.1716269850730896,
      0.1701388955116272,
      0.1736111044883728,
      0.1753472238779068,
      0.16820988059043884,
      0.1527777761220932,
      0.1597222238779068
    ]
  ],
  "fact_selectivity": [
    0.792129635810852
  ],
  "fact_selectivity_matrix": [
    [
      [
        0.7546296119689941,
        0.7546296119689941,
        0.7546296119689941,
        0.7546296119689941,
        0.7546296119689941,
        0.7546296119689941,
        0.7546296119689941,
        0.7546296119689941,
        0.7546296119689941,
        0.7546296119689941
      ],
      [
        0.0,
        0.8009259104728699,
        0.8009259104728699,
        0.8009259104728699,
        0.8009259104728699,
        0.8009259104728699,
        0.8009259104728699,
        0.8009259104728699,
        0.8009259104728699,
        0.8009259104728699
      ],
      [
        0.0,
        0.0,
        0.8287037014961243,
        0.8287037014961243,
        0.8287037014961243,
        0.8287037014961243,
        0.8287037014961243,
        0.8287037014961243,
        0.8287037014961243,
        0.8287037014961243
      ],
      [
        0.0,
        0.0,
        0.0,
        0.8148148059844971,
        0.8148148059844971,
        0.8148148059844971,
        0.8148148059844971,
        0.8148148059844971,
        0.8148148059844971,
        0.8148148059844971
      ],
      [
        0.0,
        0.0,
        0.0,
        0.0,
        0.8055555820465088,
        0.8055555820465088,
        0.8055555820465088,
        0.8055555820465088,
        0.8055555820465088,
        0.8055555820465088
      ],
      [
        0.0,
        0.0,
        0.0,
        0.0,
        0.0,
        0.7916666865348816,
        0.7916666865348816,
        0.7916666865348816,
        0.7916666865348816,
        0.7916666865348816
      ],
      [
        0.0,
        0.0,
        0.0,
        0.0,
        0.0,
        0.0,
        0.7546296119689941,
        0.7546296119689941,
        0.7546296119689941,
        0.7546296119689941
      ],
      [
        0.0,
        0.0,
        0.0,
        0.0,
        0.0,
        0.0,
        0.0,
        0.7870370149612427,
        0.7870370149612427,
        0.7870370149612427
      ],
      [
        0.0,
        0.0,
        0.0,
        0.0,
        0.0,
        0.0,
        0.0,
        0.0,
        0.7824074029922485,
        0.7824074029922485
      ],
      [
        0.0,
        0.0,
        0.0,
        0.0,
        0.0,
        0.0,
        0.0,
        0.0,
        0.0,
        0.8009259104728699
      ]
    ]
  ],
  "fact_specificity": [
    0.8662037253379822
  ],
  "fact_specificity_matrix": [
    [
      [
        0.8564814925193787,
        0.8564814925193787,
        0.8564814925193787,
        0.8564814925193787,
        0.8564814925193787,
        0.8564814925193787,
        0.8564814925193787,
        0.8564814925193787,
        0.8564814925193787,
        0.8564814925193787
      ],
      [
        0.0,
        0.8425925970077515,
        0.8425925970077515,
        0.8425925970077515,
        0.8425925970077515,
        0.8425925970077515,
        0.8425925970077515,
        0.8425925970077515,
        0.8425925970077515,
        0.8425925970077515
      ],
      [
        0.0,
        0.0,
        0.8888888955116272,
        0.8888888955116272,
        0.8888888955116272,
        0.8888888955116272,
        0.8888888955116272,
        0.8888888955116272,
        0.8888888955116272,
        0.8888888955116272
      ],
      [
        0.0,
        0.0,
        0.0,
        0.8657407164573669,
        0.8657407164573669,
        0.8657407164573669,
        0.8657407164573669,
        0.8657407164573669,
        0.8657407164573669,
        0.8657407164573669
      ],
      [
        0.0,
        0.0,
        0.0,
        0.0,
        0.8611111044883728,
        0.8611111044883728,
        0.8611111044883728,
        0.8611111044883728,
        0.8611111044883728,
        0.8611111044883728
      ],
      [
        0.0,
        0.0,
        0.0,
        0.0,
        0.0,
        0.8611111044883728,
        0.8611111044883728,
        0.8611111044883728,
        0.8611111044883728,
        0.8611111044883728
      ],
      [
        0.0,
        0.0,
        0.0,
        0.0,
        0.0,
        0.0,
        0.8842592835426331,
        0.8842592835426331,
        0.8842592835426331,
        0.8842592835426331
      ],
      [
        0.0,
        0.0,
        0.0,
        0.0,
        0.0,
        0.0,
        0.0,
        0.8888888955116272,
        0.8888888955116272,
        0.8888888955116272
      ],
      [
        0.0,
        0.0,
        0.0,
        0.0,
        0.0,
        0.0,
        0.0,
        0.0,
        0.8333333134651184,
        0.8333333134651184
      ],
      [
        0.0,
        0.0,
        0.0,
        0.0,
        0.0,
        0.0,
        0.0,
        0.0,
        0.0,
        0.8796296119689941
      ]
    ]
  ],
  "flops_per_token": [
    [
      0.0,
      0.0,
      0.0,
      0.0,
      0.0,
      0.0,
      0.0,
      0.0,
      0.0,
      0.0
    ]
  ],