{
  "compositions": [
    0.0
  ],
  "fact_accuracy": [
    0.8002314567565918
  ],
  "fact_accuracy_matrix": [
    [
      [
        0.8379629850387573,
        0.7777777910232544,
        0.7268518805503845,
        0.7430555820465088,
        0.7175925970077515,
        0.6898148059844971,
        0.6342592835426331,
        0.6203703880310059,
        0.6226851940155029,
        0.5902777910232544
      ],
      [
        0.0,
        0.7708333134651184,
        0.7245370149612427,
        0.6342592835426331,
        0.6412037014961243,
        0.6087962985038757,
        0.5879629850387573,
        0.5625,
        0.5578703880310059,
        0.5462962985038757
      ],
      [
        0.0,
        0.0,
        0.8240740895271301,
        0.7662037014961243,
        0.6828703880310059,
        0.6736111044883728,
        0.6550925970077515,
        0.625,
        0.5787037014961243,
        0.5555555820465088
      ],
      [
        0.0,
        0.0,
        0.0,
        0.7962962985038757,
        0.7592592835426331,
        0.6967592835426331,
        0.6759259104728699,
        0.6388888955116272,
        0.5995370149612427,
        0.5393518805503845
      ],
      [
        0.0,
        0.0,
        0.0,
        0.0,
        0.7824074029922485,
        0.7523148059844971,
        0.6851851940155029,
        0.6388888955116272,
        0.6203703880310059,
        0.5925925970077515
      ],
      [
        0.0,
        0.0,
        0.0,
        0.0,
        0.0,
        0.7939814925193787,
        0.7222222089767456,
        0.6435185074806213,
        0.6180555820465088,
        0.5810185074806213
      ],
      [
        0.0,
        0.0,
        0.0,
        0.0,
        0.0,
        0.0,
        0.7800925970077515,
        0.7175925970077515,
        0.6597222089767456,
        0.6319444179534912
      ],
      [
        0.0,
        0.0,
        0.0,
        0.0,
        0.0,
        0.0,
        0.0,
        0.7939814925193787,
        0.7337962985038757,
        0.6527777910232544
      ],
      [
        0.0,
        0.0,
        0.0,
        0.0,
        0.0,
        0.0,
        0.0,
        0.0,
        0.8078703880310059,
        0.7430555820465088
      ],
      [
        0.0,
        0.0,
        0.0,
        0.0,
        0.0,
        0.0,
        0.0,
        0.0,
        0.0,
        0.8148148059844971
      ]
    ]
  ],
  "fact_accuracy_over_time": [
    [
      0.8379629850387573,
      0.7708333134651184,
      0.8240740895271301,
      0.7962962985038757,
      0.7824074029922485,
      0.7939814925193787,
      0.7800925970077515,
      0.7939814925193787,
      0.8078703880310059,
      0.8148148059844971
    ]
  ],
  "fact_retention": [
    [
      0.8002314567565918,
      0.744084358215332,
      0.6727430820465088,
      0.6603835821151733,
      0.6369598507881165,
      0.6189814805984497,
      0.5787037014961243,
      0.5779321193695068,
      0.5844907164573669,
      0.5902777910232544
    ]
  ],
  "fact_selectivity": [
    0.17824074625968933
  ],
  "fact_selectivity_matrix": [
    [
      [
        0.1527777761220932,
        0.2083333283662796,
        0.25925925374031067,
        0.26851850748062134,
        0.2916666567325592,
        0.32870370149612427,
        0.32870370149612427,
        0.3194444477558136,
        0.32870370149612427,
        0.36574074625968933
      ],
      [
        0.0,
        0.17592592537403107,
        0.22685185074806213,
        0.36574074625968933,
        0.34259259700775146,
        0.32407405972480774,
        0.34259259700775146,
        0.37037035822868347,
        0.39814814925193787,
        0.41203704476356506
      ],
      [
        0.0,
        0.0,
        0.1944444477558136,
        0.27314814925193787,
        0.3333333432674408,
        0.34259259700775146,
        0.35185185074806213,
        0.40740740299224854,
        0.45370370149612427,
        0.46759259700775146
      ],
      [
        0.0,
        0.0,
        0.0,
        0.1944444477558136,
        0.24074074625968933,
        0.31018519401550293,
        0.26851850748062134,
        0.31481480598449707,
        0.3333333432674408,
        0.41203704476356506
      ],
      [
        0.0,
        0.0,
        0.0,
        0.0,
        0.22685185074806213,
        0.29629629850387573,
        0.36574074625968933,
        0.3611111044883728,
        0.38425925374031067,
        0.4027777910232544
      ],
      [
        0.0,
        0.0,
        0.0,
        0.0,
        0.0,
        0.1666666716337204,
        0.25925925374031067,
        0.3333333432674408,
        0.35185185074806213,
        0.35185185074806213
      ],
      [
        0.0,
        0.0,
        0.0,
        0.0,
        0.0,
        0.0,
        0.1666666716337204,
        0.20370370149612427,
        0.26851850748062134,
        0.28703704476356506
      ],
      [
        0.0,
        0.0,
        0.0,
        0.0,
        0.0,
        0.0,
        0.0,
        0.12037037312984467,
        0.19907407462596893,
        0.25
      ],
      [
        0.0,
        0.0,
        0.0,
        0.0,
        0.0,
        0.0,
        0.0,
        0.0,
        0.1944444477558136,
        0.2222222238779068
      ],
      [
        0.0,
        0.0,
        0.0,
        0.0,
        0.0,
        0.0,
        0.0,
        0.0,
        0.0,
        0.18981482088565826
      ]
    ]
  ],
  "fact_specificity": [
    0.7893518805503845
  ],
  "fact_specificity_matrix": [
    [
      [
        0.7546296119689941,
        0.7916666865348816,
        0.8287037014961243,
        0.8379629850387573,
        0.8287037014961243,
        0.8518518805503845,
        0.8564814925193787,
        0.8425925970077515,
        0.8379629850387573,
        0.8425925970077515
      ],
      [
        0.0,
        0.7638888955116272,
        0.7962962985038757,
        0.8101851940155029,
        0.8194444179534912,
        0.8101851940155029,
        0.8287037014961243,
        0.8333333134651184,
        0.8148148059844971,
        0.8425925970077515
      ],
      [
        0.0,
        0.0,
        0.8101851940155029,
        0.8240740895271301,
        0.8240740895271301,
        0.8379629850387573,
        0.8472222089767456,
        0.8379629850387573,
        0.8333333134651184,
        0.8472222089767456
      ],
      [
        0.0,
        0.0,
        0.0,
        0.7731481194496155,
        0.8009259104728699,
        0.8194444179534912,
        0.8287037014961243,
        0.8333333134651184,
        0.8518518805503845,
        0.8287037014961243
      ],
      [
        0.0,
        0.0,
        0.0,
        0.0,
        0.7916666865348816,
        0.8148148059844971,
        0.8240740895271301,
        0.8472222089767456,
        0.8472222089767456,
        0.8425925970077515
      ],
      [
        0.0,
        0.0,
        0.0,
        0.0,
        0.0,
        0.8055555820465088,
        0.8194444179534912,
        0.8287037014961243,
        0.8333333134651184,
        0.8194444179534912
      ],
      [
        0.0,
        0.0,
        0.0,
        0.0,
        0.0,
        0.0,
        0.8009259104728699,
        0.8055555820465088,
        0.8425925970077515,
        0.8333333134651184
      ],
      [
        0.0,
        0.0,
        0.0,
        0.0,
        0.0,
        0.0,
        0.0,
        0.8055555820465088,
        0.8240740895271301,
        0.8194444179534912
      ],
      [
        0.0,
        0.0,
        0.0,
        0.0,
        0.0,
        0.0,
        0.0,
        0.0,
        0.7638888955116272,
        0.7777777910232544
      ],
      [
        0.0,
        0.0,
        0.0,
        0.0,
        0.0,
        0.0,
        0.0,
        0.0,
        0.0,
        0.8240740895271301
      ]
    ]
  ],
  "flops_per_token": [
    [
      0.0,
      0.0,
      0.0,
      0.0,
      0.0,
      0.0,
      0.0,
      0.0,
      0.0,
      0.0
    ]
  ],
  "loss": [
    6.660970211029053
  ],