{
  "compositions": [
    0.0
  ],
  "fact_accuracy": [
    0.9571428298950195
  ],
  "fact_accuracy_matrix": [
    [
      [
        0.9523809552192688,
        0.9545454382896423,
        0.9090909361839294,
        0.9545454382896423,
        0.9545454382896423,
        0.8636363744735718,
        0.9090909361839294,
        0.9090909361839294,
        0.7272727489471436,
        0.7272727489471436
      ],
      [
        0.0,
        1.0,
        1.0,
        0.9200000166893005,
        0.9200000166893005,
        0.8799999952316284,
        0.8799999952316284,
        0.8799999952316284,
        0.8399999737739563,
        0.800000011920929
      ],
      [
        0.0,
        0.0,
        0.9655172228813171,
        0.9677419066429138,
        0.9677419066429138,
        0.9677419066429138,
        0.9677419066429138,
        0.9032257795333862,
        0.8387096524238586,
        0.8709677457809448
      ],
      [
        0.0,
        0.0,
        0.0,
        0.9523809552192688,
        0.9200000166893005,
        1.0,
        0.9200000166893005,
        0.9599999785423279,
        0.9599999785423279,
        0.9200000166893005
      ],
      [
        0.0,
        0.0,
        0.0,
        0.0,
        0.9130434989929199,
        0.9259259104728699,
        0.9259259104728699,
        0.9259259104728699,
        0.8888888955116272,
        0.8888888955116272
      ],
      [
        0.0,
        0.0,
        0.0,
        0.0,
        0.0,
        1.0,
        1.0,
        1.0,
        1.0,
        0.9166666865348816
      ],
      [
        0.0,
        0.0,
        0.0,
        0.0,
        0.0,
        0.0,
        1.0,
        0.95652174949646,
        0.9583333134651184,
        0.9583333134651184
      ],
      [
        0.0,
        0.0,
        0.0,
        0.0,
        0.0,
        0.0,
        0.0,
        0.949999988079071,
        0.9285714030265808,
        0.8965517282485962
      ],
      [
        0.0,
        0.0,
        0.0,
        0.0,
        0.0,
        0.0,
        0.0,
        0.0,
        0.8235294222831726,
        0.8799999952316284
      ],
      [
        0.0,
        0.0,
        0.0,
        0.0,
        0.0,
        0.0,
        0.0,
        0.0,
        0.0,
        1.0
      ]
    ]
  ],
  "fact_accuracy_over_time": [
    [
      0.9523809552192688,
      1.0,
      0.9655172228813171,
      0.9523809552192688,
      0.9130434989929199,
      1.0,
      1.0,
      0.949999988079071,
      0.8235294222831726,
      1.0
    ]
  ],
  "fact_retention": [
    [
      0.9571428298950195,
      0.947826087474823,
      0.9468598961830139,
      0.949438214302063,
      0.9285714030265808,
      0.8999999761581421,
      0.8834951519966125,
      0.8717948794364929,
      0.7659574747085571,
      0.7272727489471436
    ]
  ],
  "fact_selectivity": [
    0.7867646813392639
  ],
  "fact_selectivity_matrix": [
    [
      [
        0.7222222089767456,
        0.8148148059844971,
        0.8148148059844971,
        0.7037037014961243,
        0.6296296119689941,
        0.5925925970077515,
        0.6296296119689941,
        0.6296296119689941,
        0.6296296119689941,
        0.6296296119689941
      ],
      [
        0.0,
        0.8999999761581421,
        0.8260869383811951,
        0.8260869383811951,
        0.6521739363670349,
        0.6521739363670349,
        0.5652173757553101,
        0.6086956262588501,
        0.6086956262588501,
        0.6086956262588501
      ],
      [
        0.0,
        0.0,
        0.7272727489471436,
        0.6499999761581421,
        0.6000000238418579,
        0.6000000238418579,
        0.550000011920929,
        0.5,
        0.6000000238418579,
        0.550000011920929
      ],
      [
        0.0,
        0.0,
        0.0,
        0.8999999761581421,
        0.9411764740943909,
        0.9411764740943909,
        0.8823529481887817,
        0.8235294222831726,
        0.8235294222831726,
        0.8235294222831726
      ],
      [
        0.0,
        0.0,
        0.0,
        0.0,
        0.75,
        0.695652186870575,
        0.739130437374115,
        0.695652186870575,
        0.6521739363670349,
        0.6521739363670349
      ],
      [
        0.0,
        0.0,
        0.0,
        0.0,
        0.0,
        0.8666666746139526,
        0.875,
        0.875,
        0.7916666865348816,
        0.7083333134651184
      ],
      [
        0.0,
        0.0,
        0.0,
        0.0,
        0.0,
        0.0,
        0.7142857313156128,
        0.6842105388641357,
        0.6842105388641357,
        0.7368420958518982
      ],
      [
        0.0,
        0.0,
        0.0,
        0.0,
        0.0,
        0.0,
        0.0,
        0.6666666865348816,
        0.625,
        0.6875
      ],
      [
        0.0,
        0.0,
        0.0,
        0.0,
        0.0,
        0.0,
        0.0,
        0.0,
        0.9090909361839294,
        0.7647058963775635
      ],
      [
        0.0,
        0.0,
        0.0,
        0.0,
        0.0,
        0.0,
        0.0,
        0.0,
        0.0,
        0.6666666865348816
      ]
    ]
  ],
  "fact_specificity": [
    0.8866994976997375
  ],
  "fact_specificity_matrix": [
    [
      [
        0.875,
        0.8799999952316284,
        0.8399999737739563,
        0.8399999737739563,
        0.8399999737739563,
        0.8399999737739563,
        0.8399999737739563,
        0.8799999952316284,
        0.8799999952316284,
        0.8399999737739563
      ],
      [
        0.0,
        0.95652174949646,
        0.9166666865348816,
        0.9166666865348816,
        0.9166666865348816,
        0.875,
        0.9166666865348816,
        0.9166666865348816,
        0.9166666865348816,
        0.9166666865348816
      ],
      [
        0.0,
        0.0,
        0.807692289352417,
        0.8275862336158752,
        0.8275862336158752,
        0.8965517282485962,
        0.8620689511299133,
        0.8275862336158752,
        0.8620689511299133,
        0.8275862336158752
      ],
      [
        0.0,
        0.0,
        0.0,
        0.9047619104385376,
        0.9259259104728699,
        0.8888888955116272,
        0.8888888955116272,
        0.8888888955116272,
        0.8888888955116272,
        0.8518518805503845
      ],
      [
        0.0,
        0.0,
        0.0,
        0.0,
        0.9090909361839294,
        0.8571428656578064,
        0.8928571343421936,
        0.8571428656578064,
        0.8214285969734192,
        0.8214285969734192
      ],
      [
        0.0,
        0.0,
        0.0,
        0.0,
        0.0,
        0.9411764740943909,
        0.8799999952316284,
        0.8799999952316284,
        0.8799999952316284,
        0.8799999952316284
      ],
      [
        0.0,
        0.0,
        0.0,
        0.0,
        0.0,
        0.0,
        0.7692307829856873,
        0.800000011920929,
        0.8181818127632141,
        0.8636363744735718
      ],
      [
        0.0,
        0.0,
        0.0,
        0.0,
        0.0,
        0.0,
        0.0,
        0.9047619104385376,
        0.9200000166893005,
        0.8846153616905212
      ],
      [
        0.0,
        0.0,
        0.0,
        0.0,
        0.0,
        0.0,
        0.0,
        0.0,
        0.8947368264198303,
        0.8888888955116272
      ],
      [
        0.0,
        0.0,
        0.0,
        0.0,
        0.0,
        0.0,
        0.0,
        0.0,
        0.0,
        0.8823529481887817
      ]
    ]
  ],
  "flops_per_token": [
    [
      0.0,
      0.0,
      0.0,
      0.0,
      0.0,
      0.0,
      0.0,
      0.0,
      0.0,
      0.0
    ]
  ],
  "format_accuracy": [
    1.0
  ],