{
  "compositions": [
    0.0
  ],
  "fact_accuracy": [
    0.8523809313774109
  ],
  "fact_accuracy_matrix": [
    [
      [
        1.0,
        0.9090909361839294,
        0.9545454382896423,
        0.9090909361839294,
        0.9090909361839294,
        0.9545454382896423,
        0.8181818127632141,
        0.8181818127632141,
        0.7727272510528564,
        0.7272727489471436
      ],
      [
        0.0,
        0.8571428656578064,
        0.8799999952316284,
        0.9200000166893005,
        0.8799999952316284,
        0.8399999737739563,
        0.8399999737739563,
        0.8799999952316284,
        0.8399999737739563,
        0.800000011920929
      ],
      [
        0.0,
        0.0,
        0.8620689511299133,
        0.8064516186714172,
        0.774193525314331,
        0.7419354915618896,
        0.7419354915618896,
        0.6774193644523621,
        0.6774193644523621,
        0.6774193644523621
      ],
      [
        0.0,
        0.0,
        0.0,
        0.8571428656578064,
        0.8799999952316284,
        0.8399999737739563,
        0.800000011920929,
        0.8799999952316284,
        0.8799999952316284,
        0.8799999952316284
      ],
      [
        0.0,
        0.0,
        0.0,
        0.0,
        0.95652174949646,
        0.8518518805503845,
        0.8148148059844971,
        0.8148148059844971,
        0.7777777910232544,
        0.7407407164573669
      ],
      [
        0.0,
        0.0,
        0.0,
        0.0,
        0.0,
        0.8999999761581421,
        0.8333333134651184,
        0.8333333134651184,
        0.75,
        0.75
      ],
      [
        0.0,
        0.0,
        0.0,
        0.0,
        0.0,
        0.0,
        0.8125,
        0.739130437374115,
        0.7083333134651184,
        0.7083333134651184
      ],
      [
        0.0,
        0.0,
        0.0,
        0.0,
        0.0,
        0.0,
        0.0,
        0.8500000238418579,
        0.8214285969734192,
        0.7586206793785095
      ],
      [
        0.0,
        0.0,
        0.0,
        0.0,
        0.0,
        0.0,
        0.0,
        0.0,
        0.7058823704719543,
        0.6800000071525574
      ],
      [
        0.0,
        0.0,
        0.0,
        0.0,
        0.0,
        0.0,
        0.0,
        0.0,
        0.0,
        0.6818181872367859
      ]
    ]
  ],
  "fact_accuracy_over_time": [
    [
      1.0,
      0.8571428656578064,
      0.8620689511299133,
      0.8571428656578064,
      0.95652174949646,
      0.8999999761581421,
      0.8125,
      0.8500000238418579,
      0.7058823704719543,
      0.6818181872367859
    ]
  ],
  "fact_retention": [
    [
      0.8523809313774109,
      0.821739137172699,
      0.8212560415267944,
      0.7977527976036072,
      0.8116883039474487,
      0.807692289352417,
      0.8058252334594727,
      0.7692307829856873,
      0.7872340679168701,
      0.7272727489471436
    ]
  ],
  "fact_selectivity": [
    0.7352941036224365
  ],
  "fact_selectivity_matrix": [
    [
      [
        0.7777777910232544,
        0.7407407164573669,
        0.7777777910232544,
        0.7037037014961243,
        0.6296296119689941,
        0.6666666865348816,
        0.7037037014961243,
        0.7407407164573669,
        0.7037037014961243,
        0.7777777910232544
      ],
      [
        0.0,
        0.699999988079071,
        0.6521739363670349,
        0.695652186870575,
        0.6086956262588501,
        0.739130437374115,
        0.695652186870575,
        0.739130437374115,
        0.739130437374115,
        0.739130437374115
      ],
      [
        0.0,
        0.0,
        0.4545454680919647,
        0.3499999940395355,
        0.4000000059604645,
        0.5,
        0.5,
        0.6499999761581421,
        0.699999988079071,
        0.699999988079071
      ],
      [
        0.0,
        0.0,
        0.0,
        0.800000011920929,
        0.7647058963775635,
        0.7647058963775635,
        0.7647058963775635,
        0.8823529481887817,
        0.8823529481887817,
        0.8235294222831726
      ],
      [
        0.0,
        0.0,
        0.0,
        0.0,
        0.625,
        0.782608687877655,
        0.739130437374115,
        0.739130437374115,
        0.695652186870575,
        0.695652186870575
      ],
      [
        0.0,
        0.0,
        0.0,
        0.0,
        0.0,
        0.9333333373069763,
        0.8333333134651184,
        0.875,
        0.8333333134651184,
        0.875
      ],
      [
        0.0,
        0.0,
        0.0,
        0.0,
        0.0,
        0.0,
        0.7142857313156128,
        0.7894737124443054,
        0.8947368264198303,
        0.8947368264198303
      ],
      [
        0.0,
        0.0,
        0.0,
        0.0,
        0.0,
        0.0,
        0.0,
        0.75,
        0.8125,
        0.8125
      ],
      [
        0.0,
        0.0,
        0.0,
        0.0,
        0.0,
        0.0,
        0.0,
        0.0,
        0.9090909361839294,
        0.8823529481887817
      ],
      [
        0.0,
        0.0,
        0.0,
        0.0,
        0.0,
        0.0,
        0.0,
        0.0,
        0.0,
        0.6666666865348816
      ]
    ]
  ],
  "fact_specificity": [
    0.8965517282485962
  ],
  "fact_specificity_matrix": [
    [
      [
        0.9583333134651184,
        0.9599999785423279,
        0.9200000166893005,
        0.9200000166893005,
        0.9599999785423279,
        0.9599999785423279,
        0.9599999785423279,
        0.9599999785423279,
        0.9599999785423279,
        0.9599999785423279
      ],
      [
        0.0,
        0.9130434989929199,
        0.9166666865348816,
        0.875,
        0.8333333134651184,
        0.8333333134651184,
        0.8333333134651184,
        0.8333333134651184,
        0.875,
        0.875
      ],
      [
        0.0,
        0.0,
        0.9230769276618958,
        0.931034505367279,
        0.931034505367279,
        0.931034505367279,
        0.931034505367279,
        0.931034505367279,
        0.931034505367279,
        0.8965517282485962
      ],
      [
        0.0,
        0.0,
        0.0,
        0.8571428656578064,
        0.8518518805503845,
        0.8148148059844971,
        0.8518518805503845,
        0.8518518805503845,
        0.8518518805503845,
        0.8518518805503845
      ],
      [
        0.0,
        0.0,
        0.0,
        0.0,
        0.9090909361839294,
        0.8571428656578064,
        0.8571428656578064,
        0.8571428656578064,
        0.8571428656578064,
        0.8571428656578064
      ],
      [
        0.0,
        0.0,
        0.0,
        0.0,
        0.0,
        0.8823529481887817,
        0.8399999737739563,
        0.8399999737739563,
        0.8399999737739563,
        0.8399999737739563
      ],
      [
        0.0,
        0.0,
        0.0,
        0.0,
        0.0,
        0.0,
        0.7692307829856873,
        0.800000011920929,
        0.8181818127632141,
        0.8636363744735718
      ],
      [
        0.0,
        0.0,
        0.0,
        0.0,
        0.0,
        0.0,
        0.0,
        0.9523809552192688,
        1.0,
        0.9615384340286255
      ],
      [
        0.0,
        0.0,
        0.0,
        0.0,
        0.0,
        0.0,
        0.0,
        0.0,
        0.8947368264198303,
        0.9259259104728699
      ],
      [
        0.0,
        0.0,
        0.0,
        0.0,
        0.0,
        0.0,
        0.0,
        0.0,
        0.0,
        0.8235294222831726
      ]
    ]
  ],
  "flops_per_token": [
    [
      0.0,
      0.0,
      0.0,
      0.0,
      0.0,
      0.0,
      0.0,
      0.0,
      0.0,
      0.0
    ]
  ],
  "format_accuracy": [
    0.4938775599002838
  ],