{
  "compositions": [
    0.0
  ],
  "fact_accuracy": [
    0.8164351582527161
  ],
  "fact_accuracy_matrix": [
    [
      [
        0.875,
        0.8819444179534912,
        0.8634259104728699,
        0.8726851940155029,
        0.8564814925193787,
        0.8379629850387573,
        0.8287037014961243,
        0.8194444179534912,
        0.8101851940155029,
        0.7986111044883728
      ],
      [
        0.0,
        0.9212962985038757,
        0.8958333134651184,
        0.8958333134651184,
        0.8773148059844971,
        0.8564814925193787,
        0.8425925970077515,
        0.8240740895271301,
        0.8148148059844971,
        0.7939814925193787
      ],
      [
        0.0,
        0.0,
        0.8564814925193787,
        0.8726851940155029,
        0.8310185074806213,
        0.8194444179534912,
        0.8032407164573669,
        0.7893518805503845,
        0.7800925970077515,
        0.7870370149612427
      ],
      [
        0.0,
        0.0,
        0.0,
        0.8935185074806213,
        0.8703703880310059,
        0.8356481194496155,
        0.8263888955116272,
        0.7986111044883728,
        0.7754629850387573,
        0.7592592835426331
      ],
      [
        0.0,
        0.0,
        0.0,
        0.0,
        0.8472222089767456,
        0.8055555820465088,
        0.8009259104728699,
        0.7847222089767456,
        0.7731481194496155,
        0.7592592835426331
      ],
      [
        0.0,
        0.0,
        0.0,
        0.0,
        0.0,
        0.8078703880310059,
        0.7870370149612427,
        0.7708333134651184,
        0.7384259104728699,
        0.7199074029922485
      ],
      [
        0.0,
        0.0,
        0.0,
        0.0,
        0.0,
        0.0,
        0.7407407164573669,
        0.7291666865348816,
        0.7199074029922485,
        0.7060185074806213
      ],
      [
        0.0,
        0.0,
        0.0,
        0.0,
        0.0,
        0.0,
        0.0,
        0.7754629850387573,
        0.7615740895271301,
        0.7638888955116272
      ],
      [
        0.0,
        0.0,
        0.0,
        0.0,
        0.0,
        0.0,
        0.0,
        0.0,
        0.7384259104728699,
        0.7037037014961243
      ],
      [
        0.0,
        0.0,
        0.0,
        0.0,
        0.0,
        0.0,
        0.0,
        0.0,
        0.0,
        0.7083333134651184
      ]
    ]
  ],
  "fact_accuracy_over_time": [
    [
      0.875,
      0.9212962985038757,
      0.8564814925193787,
      0.8935185074806213,
      0.8472222089767456,
      0.8078703880310059,
      0.7407407164573669,
      0.7754629850387573,
      0.7384259104728699,
      0.7083333134651184
    ]
  ],
  "fact_retention": [
    [
      0.8164351582527161,
      0.8119856119155884,
      0.8101851940155029,
      0.8035714030265808,
      0.801311731338501,
      0.8009259104728699,
      0.7980324029922485,
      0.8070987462997437,
      0.8020833134651184,
      0.7986111044883728
    ]
  ],
  "fact_selectivity": [
    0.16898147761821747
  ],
  "fact_selectivity_matrix": [
    [
      [
        0.11574073880910873,
        0.1111111119389534,
        0.10185185074806213,
        0.12037037312984467,
        0.13425925374031067,
        0.11574073880910873,
        0.13425925374031067,
        0.1666666716337204,
        0.19907407462596893,
        0.21296297013759613
      ],
      [
        0.0,
        0.125,
        0.1388888955116272,
        0.125,
        0.13425925374031067,
        0.1666666716337204,
        0.18981482088565826,
        0.18981482088565826,
        0.1944444477558136,
        0.2222222238779068
      ],
      [
        0.0,
        0.0,
        0.08796296268701553,
        0.0972222238779068,
        0.1388888955116272,
        0.1527777761220932,
        0.1666666716337204,
        0.18981482088565826,
        0.2083333283662796,
        0.22685185074806213
      ],
      [
        0.0,
        0.0,
        0.0,
        0.046296294778585434,
        0.10185185074806213,
        0.12037037312984467,
        0.12962962687015533,
        0.14814814925193787,
        0.1944444477558136,
        0.1944444477558136
      ],
      [
        0.0,
        0.0,
        0.0,
        0.0,
        0.1805555522441864,
        0.2083333283662796,
        0.23148147761821747,
        0.26851850748062134,
        0.28703704476356506,
        0.2916666567325592
      ],
      [
        0.0,
        0.0,
        0.0,
        0.0,
        0.0,
        0.12037037312984467,
        0.17129629850387573,
        0.1944444477558136,
        0.23148147761821747,
        0.2361111044883728
      ],
      [
        0.0,
        0.0,
        0.0,
        0.0,
        0.0,
        0.0,
        0.17129629850387573,
        0.1944444477558136,
        0.2083333283662796,
        0.21296297013759613
      ],
      [
        0.0,
        0.0,
        0.0,
        0.0,
        0.0,
        0.0,
        0.0,
        0.25,
        0.25462964177131653,
        0.25462964177131653
      ],
      [
        0.0,
        0.0,
        0.0,
        0.0,
        0.0,
        0.0,
        0.0,
        0.0,
        0.30092594027519226,
        0.2916666567325592
      ],
      [
        0.0,
        0.0,
        0.0,
        0.0,
        0.0,
        0.0,
        0.0,
        0.0,
        0.0,
        0.2916666567325592
      ]
    ]
  ],
  "fact_specificity": [
    0.7064814567565918
  ],
  "fact_specificity_matrix": [
    [
      [
        0.5185185074806213,
        0.5879629850387573,
        0.6296296119689941,
        0.6759259104728699,
        0.6712962985038757,
        0.6990740895271301,
        0.7129629850387573,
        0.7361111044883728,
        0.7268518805503845,
        0.7314814925193787
      ],
      [
        0.0,
        0.6203703880310059,
        0.6481481194496155,
        0.7037037014961243,
        0.7175925970077515,
        0.7361111044883728,
        0.7546296119689941,
        0.7546296119689941,
        0.7731481194496155,
        0.7777777910232544
      ],
      [
        0.0,
        0.0,
        0.6620370149612427,
        0.7037037014961243,
        0.7361111044883728,
        0.75,
        0.7453703880310059,
        0.7407407164573669,
        0.7268518805503845,
        0.7453703880310059
      ],
      [
        0.0,
        0.0,
        0.0,
        0.6712962985038757,
        0.7037037014961243,
        0.7083333134651184,
        0.7407407164573669,
        0.7453703880310059,
        0.75,
        0.7592592835426331
      ],
      [
        0.0,
        0.0,
        0.0,
        0.0,
        0.7175925970077515,
        0.7453703880310059,
        0.7407407164573669,
        0.7268518805503845,
        0.7175925970077515,
        0.7129629850387573
      ],
      [
        0.0,
        0.0,
        0.0,
        0.0,
        0.0,
        0.7916666865348816,
        0.8055555820465088,
        0.8055555820465088,
        0.8148148059844971,
        0.8055555820465088
      ],
      [
        0.0,
        0.0,
        0.0,
        0.0,
        0.0,
        0.0,
        0.7777777910232544,
        0.7777777910232544,
        0.7870370149612427,
        0.7824074029922485
      ],
      [
        0.0,
        0.0,
        0.0,
        0.0,
        0.0,
        0.0,
        0.0,
        0.7592592835426331,
        0.7638888955116272,
        0.7546296119689941
      ],
      [
        0.0,
        0.0,
        0.0,
        0.0,
        0.0,
        0.0,
        0.0,
        0.0,
        0.7592592835426331,
        0.7824074029922485
      ],
      [
        0.0,
        0.0,
        0.0,
        0.0,
        0.0,
        0.0,
        0.0,
        0.0,
        0.0,
        0.7870370149612427
      ]
    ]
  ],
  "flops_per_token": [
    [
      0.0,
      0.0,
      0.0,
      0.0,
      0.0,
      0.0,
      0.0,
      0.0,
      0.0,
      0.0
    ]
  ],
  "loss": [
    4.504025936126709
  ],
  "non_compositions": [
    0.0
  ]
}