{
    "baseline_accuracy": 0.9199999999999999,
    "baseline_selectivity": 0.76,
    "layer_importances_accuracy": [
        0.010000000000000009,
        0.0,
        0.0,
        0.0,
        0.019999999999999907,
        0.019999999999999907,
        0.039999999999999813,
        0.0,
        0.050000000000000044,
        -0.02000000000000013,
        0.06999999999999995,
        0.019999999999999907,
        0.039999999999999813,
        0.019999999999999907,
        0.0,
        0.0,
        0.010000000000000009,
        0.010000000000000009,
        0.0,
        0.010000000000000009,
        0.010000000000000009,
        0.010000000000000009,
        0.010000000000000009,
        0.010000000000000009,
        0.010000000000000009,
        0.010000000000000009,
        0.0,
        0.010000000000000009,
        0.0,
        0.010000000000000009,
        0.0,
        0.010000000000000009
    ],
    "layer_importances_selectivity": [
        0.030000000000000027,
        0.020000000000000018,
        0.040000000000000036,
        0.020000000000000018,
        0.040000000000000036,
        0.1299999999999999,
        0.15000000000000002,
        0.14000000000000012,
        0.28,
        0.17999999999999994,
        0.15000000000000002,
        0.24,
        0.30000000000000004,
        0.07999999999999996,
        0.1399999999999999,
        0.04999999999999993,
        0.020000000000000018,
        0.01000000000000012,
        0.020000000000000018,
        0.020000000000000018,
        0.0,
        0.009999999999999898,
        0.020000000000000018,
        0.01000000000000012,
        0.0,
        0.020000000000000018,
        0.009999999999999898,
        0.01000000000000012,
        0.01000000000000012,
        0.01000000000000012,
        0.020000000000000018,
        0.009999999999999898
    ],
    "critical_accuracy_layers": [
        6,
        8,
        10,
        12
    ],
    "critical_selectivity_layers": [
        8,
        9,
        11,
        12
    ]
}