{
  "compositions": [
    0.0
  ],
  "fact_accuracy": [
    0.958012580871582
  ],
  "fact_accuracy_matrix": [
    [
      [
        0.9647058844566345,
        0.9606741666793823,
        0.966292142868042,
        0.949438214302063,
        0.9606741666793823,
        0.966292142868042,
        0.932584285736084,
        0.915730357170105,
        0.8426966071128845,
        0.8426966071128845
      ],
      [
        0.0,
        0.9726027250289917,
        0.9707602262496948,
        0.9356725215911865,
        0.9473684430122375,
        0.9415204524993896,
        0.8947368264198303,
        0.8654970526695251,
        0.8304093480110168,
        0.7543859481811523
      ],
      [
        0.0,
        0.0,
        0.9729729890823364,
        0.9447513818740845,
        0.9226519465446472,
        0.9558011293411255,
        0.950276255607605,
        0.889502763748169,
        0.8121547102928162,
        0.8011049628257751
      ],
      [
        0.0,
        0.0,
        0.0,
        0.9851852059364319,
        0.9757575988769531,
        0.9454545378684998,
        0.9272727370262146,
        0.9454545378684998,
        0.8909090757369995,
        0.8545454740524292
      ],
      [
        0.0,
        0.0,
        0.0,
        0.0,
        0.95652174949646,
        0.9230769276618958,
        0.9058823585510254,
        0.929411768913269,
        0.8941176533699036,
        0.841176450252533
      ],
      [
        0.0,
        0.0,
        0.0,
        0.0,
        0.0,
        0.957446813583374,
        0.9418604373931885,
        0.9252873659133911,
        0.9137930870056152,
        0.8793103694915771
      ],
      [
        0.0,
        0.0,
        0.0,
        0.0,
        0.0,
        0.0,
        0.9621211886405945,
        0.9166666865348816,
        0.9166666865348816,
        0.863095223903656
      ],
      [
        0.0,
        0.0,
        0.0,
        0.0,
        0.0,
        0.0,
        0.0,
        0.9424460530281067,
        0.9438202381134033,
        0.9111111164093018
      ],
      [
        0.0,
        0.0,
        0.0,
        0.0,
        0.0,
        0.0,
        0.0,
        0.0,
        0.9208633303642273,
        0.907975435256958
      ],
      [
        0.0,
        0.0,
        0.0,
        0.0,
        0.0,
        0.0,
        0.0,
        0.0,
        0.0,
        0.9432623982429504
      ]
    ]
  ],
  "fact_accuracy_over_time": [
    [
      0.9647058844566345,
      0.9726027250289917,
      0.9729729890823364,
      0.9851852059364319,
      0.95652174949646,
      0.957446813583374,
      0.9621211886405945,
      0.9424460530281067,
      0.9208633303642273,
      0.9432623982429504
    ]
  ],
  "fact_retention": [
    [
      0.958012580871582,
      0.9430420994758606,
      0.9286229014396667,
      0.9270919561386108,
      0.9287776947021484,
      0.8971098065376282,
      0.8661870360374451,
      0.849056601524353,
      0.7994269132614136,
      0.8426966071128845
    ]
  ],
  "fact_selectivity": [
    0.774193525314331
  ],
  "fact_selectivity_matrix": [
    [
      [
        0.7982456088066101,
        0.779411792755127,
        0.720588207244873,
        0.6838235259056091,
        0.625,
        0.5588235259056091,
        0.5441176295280457,
        0.5588235259056091,
        0.5588235259056091,
        0.529411792755127
      ],
      [
        0.0,
        0.7864077687263489,
        0.717391312122345,
        0.7028985619544983,
        0.6666666865348816,
        0.6159420013427734,
        0.5724637508392334,
        0.6014492511749268,
        0.5869565010070801,
        0.6521739363670349
      ],
      [
        0.0,
        0.0,
        0.7692307829856873,
        0.7318840622901917,
        0.7101449370384216,
        0.6884058117866516,
        0.6086956262588501,
        0.6086956262588501,
        0.6159420013427734,
        0.5724637508392334
      ],
      [
        0.0,
        0.0,
        0.0,
        0.7938144207000732,
        0.7762237787246704,
        0.7291666865348816,
        0.6319444179534912,
        0.5833333134651184,
        0.5208333134651184,
        0.5555555820465088
      ],
      [
        0.0,
        0.0,
        0.0,
        0.0,
        0.8095238208770752,
        0.804347813129425,
        0.758865237236023,
        0.7304964661598206,
        0.6808510422706604,
        0.652482271194458
      ],
      [
        0.0,
        0.0,
        0.0,
        0.0,
        0.0,
        0.8139534592628479,
        0.7804877758026123,
        0.725806474685669,
        0.6774193644523621,
        0.6209677457809448
      ],
      [
        0.0,
        0.0,
        0.0,
        0.0,
        0.0,
        0.0,
        0.7594936490058899,
        0.7313432693481445,
        0.6617646813392639,
        0.6323529481887817
      ],
      [
        0.0,
        0.0,
        0.0,
        0.0,
        0.0,
        0.0,
        0.0,
        0.7066666483879089,
        0.6696428656578064,
        0.625
      ],
      [
        0.0,
        0.0,
        0.0,
        0.0,
        0.0,
        0.0,
        0.0,
        0.0,
        0.692307710647583,
        0.7307692170143127
      ],
      [
        0.0,
        0.0,
        0.0,
        0.0,
        0.0,
        0.0,
        0.0,
        0.0,
        0.0,
        0.7848101258277893
      ]
    ]
  ],
  "fact_specificity": [
    0.8110944628715515
  ],
  "fact_specificity_matrix": [
    [
      [
        0.8342857360839844,
        0.7932960987091064,
        0.7541899681091309,
        0.7374301552772522,
        0.7318435907363892,
        0.7541899681091309,
        0.748603343963623,
        0.748603343963623,
        0.74301677942276,
        0.7150837779045105
      ],
      [
        0.0,
        0.7828947305679321,
        0.7664670944213867,
        0.7485029697418213,
        0.7485029697418213,
        0.7604790329933167,
        0.7544910311698914,
        0.7544910311698914,
        0.7365269660949707,
        0.7485029697418213
      ],
      [
        0.0,
        0.0,
        0.8285714387893677,
        0.8034682273864746,
        0.7803468108177185,
        0.763005793094635,
        0.7687861323356628,
        0.7861271500587463,
        0.7919074892997742,
        0.7919074892997742
      ],
      [
        0.0,
        0.0,
        0.0,
        0.7642276287078857,
        0.7732558250427246,
        0.7919074892997742,
        0.7687861323356628,
        0.8092485666275024,
        0.7803468108177185,
        0.7976878881454468
      ],
      [
        0.0,
        0.0,
        0.0,
        0.0,
        0.8442623019218445,
        0.7784090638160706,
        0.7853107452392578,
        0.790960431098938,
        0.7627118825912476,
        0.7966101765632629
      ],
      [
        0.0,
        0.0,
        0.0,
        0.0,
        0.0,
        0.8455284833908081,
        0.8203592896461487,
        0.8035714030265808,
        0.8035714030265808,
        0.7976190447807312
      ],
      [
        0.0,
        0.0,
        0.0,
        0.0,
        0.0,
        0.0,
        0.7580645084381104,
        0.7941176295280457,
        0.7719298005104065,
        0.7777777910232544
      ],
      [
        0.0,
        0.0,
        0.0,
        0.0,
        0.0,
        0.0,
        0.0,
        0.834645688533783,
        0.826815664768219,
        0.8055555820465088
      ],
      [
        0.0,
        0.0,
        0.0,
        0.0,
        0.0,
        0.0,
        0.0,
        0.0,
        0.8125,
        0.782608687877655
      ],
      [
        0.0,
        0.0,
        0.0,
        0.0,
        0.0,
        0.0,
        0.0,
        0.0,
        0.0,
        0.800000011920929
      ]
    ]
  ],
  "flops_per_token": [
    [
      0.0,
      0.0,
      0.0,
      0.0,
      0.0,
      0.0,
      0.0,
      0.0,
      0.0,
      0.0
    ]
  ],
  "format_accuracy": [
    0.6738082766532898
  ],