{
  "compositions": [
    0.0
  ],
  "fact_accuracy": [
    0.9775462746620178
  ],
  "fact_accuracy_matrix": [
    [
      [
        0.9814814925193787,
        0.9722222089767456,
        0.9745370149612427,
        0.9745370149612427,
        0.9490740895271301,
        0.9189814925193787,
        0.8773148059844971,
        0.8425925970077515,
        0.7870370149612427,
        0.6597222089767456
      ],
      [
        0.0,
        0.9884259104728699,
        0.9814814925193787,
        0.9791666865348816,
        0.9675925970077515,
        0.9513888955116272,
        0.9305555820465088,
        0.9097222089767456,
        0.8217592835426331,
        0.7592592835426331
      ],
      [
        0.0,
        0.0,
        0.9953703880310059,
        0.9861111044883728,
        0.9884259104728699,
        0.9791666865348816,
        0.9606481194496155,
        0.9328703880310059,
        0.8912037014961243,
        0.8310185074806213
      ],
      [
        0.0,
        0.0,
        0.0,
        0.9814814925193787,
        0.9745370149612427,
        0.9675925970077515,
        0.9513888955116272,
        0.9560185074806213,
        0.9282407164573669,
        0.8981481194496155
      ],
      [
        0.0,
        0.0,
        0.0,
        0.0,
        0.9745370149612427,
        0.9699074029922485,
        0.9699074029922485,
        0.9699074029922485,
        0.9513888955116272,
        0.9143518805503845
      ],
      [
        0.0,
        0.0,
        0.0,
        0.0,
        0.0,
        0.9699074029922485,
        0.9675925970077515,
        0.9583333134651184,
        0.9490740895271301,
        0.9351851940155029
      ],
      [
        0.0,
        0.0,
        0.0,
        0.0,
        0.0,
        0.0,
        0.9722222089767456,
        0.9652777910232544,
        0.9675925970077515,
        0.9583333134651184
      ],
      [
        0.0,
        0.0,
        0.0,
        0.0,
        0.0,
        0.0,
        0.0,
        0.9652777910232544,
        0.9675925970077515,
        0.9652777910232544
      ],
      [
        0.0,
        0.0,
        0.0,
        0.0,
        0.0,
        0.0,
        0.0,
        0.0,
        0.9722222089767456,
        0.9814814925193787
      ],
      [
        0.0,
        0.0,
        0.0,
        0.0,
        0.0,
        0.0,
        0.0,
        0.0,
        0.0,
        0.9745370149612427
      ]
    ]
  ],
  "fact_accuracy_over_time": [
    [
      0.9814814925193787,
      0.9884259104728699,
      0.9953703880310059,
      0.9814814925193787,
      0.9745370149612427,
      0.9699074029922485,
      0.9722222089767456,
      0.9652777910232544,
      0.9722222089767456,
      0.9745370149612427
    ]
  ],
  "fact_retention": [
    [
      0.9775462746620178,
      0.974022626876831,
      0.9713541865348816,
      0.9642857313156128,
      0.9506173133850098,
      0.925000011920929,
      0.8940972089767456,
      0.8317901492118835,
      0.7731481194496155,
      0.6597222089767456
    ]
  ],
  "fact_selectivity": [
    0.8981481194496155
  ],
  "fact_selectivity_matrix": [
    [
      [
        0.8518518805503845,
        0.8611111044883728,
        0.8472222089767456,
        0.8518518805503845,
        0.8379629850387573,
        0.8055555820465088,
        0.7916666865348816,
        0.8009259104728699,
        0.8101851940155029,
        0.8194444179534912
      ],
      [
        0.0,
        0.8657407164573669,
        0.8518518805503845,
        0.8379629850387573,
        0.8287037014961243,
        0.8287037014961243,
        0.8101851940155029,
        0.7916666865348816,
        0.8333333134651184,
        0.8009259104728699
      ],
      [
        0.0,
        0.0,
        0.8981481194496155,
        0.8888888955116272,
        0.8888888955116272,
        0.8796296119689941,
        0.8518518805503845,
        0.8379629850387573,
        0.8425925970077515,
        0.8518518805503845
      ],
      [
        0.0,
        0.0,
        0.0,
        0.9166666865348816,
        0.8888888955116272,
        0.875,
        0.8842592835426331,
        0.8657407164573669,
        0.8333333134651184,
        0.8379629850387573
      ],
      [
        0.0,
        0.0,
        0.0,
        0.0,
        0.9120370149612427,
        0.9027777910232544,
        0.875,
        0.8703703880310059,
        0.8611111044883728,
        0.8703703880310059
      ],
      [
        0.0,
        0.0,
        0.0,
        0.0,
        0.0,
        0.9212962985038757,
        0.8888888955116272,
        0.8611111044883728,
        0.8518518805503845,
        0.8425925970077515
      ],
      [
        0.0,
        0.0,
        0.0,
        0.0,
        0.0,
        0.0,
        0.9212962985038757,
        0.9120370149612427,
        0.8703703880310059,
        0.8657407164573669
      ],
      [
        0.0,
        0.0,
        0.0,
        0.0,
        0.0,
        0.0,
        0.0,
        0.8796296119689941,
        0.8564814925193787,
        0.8287037014961243
      ],
      [
        0.0,
        0.0,
        0.0,
        0.0,
        0.0,
        0.0,
        0.0,
        0.0,
        0.9120370149612427,
        0.8981481194496155
      ],
      [
        0.0,
        0.0,
        0.0,
        0.0,
        0.0,
        0.0,
        0.0,
        0.0,
        0.0,
        0.9027777910232544
      ]
    ]
  ],
  "fact_specificity": [
    0.842129647731781
  ],
  "fact_specificity_matrix": [
    [
      [
        0.8333333134651184,
        0.8333333134651184,
        0.8148148059844971,
        0.7916666865348816,
        0.7870370149612427,
        0.7685185074806213,
        0.7731481194496155,
        0.7916666865348816,
        0.7777777910232544,
        0.7685185074806213
      ],
      [
        0.0,
        0.8101851940155029,
        0.7824074029922485,
        0.7731481194496155,
        0.7824074029922485,
        0.7916666865348816,
        0.7916666865348816,
        0.7824074029922485,
        0.7824074029922485,
        0.7870370149612427
      ],
      [
        0.0,
        0.0,
        0.8425925970077515,
        0.8425925970077515,
        0.8194444179534912,
        0.8148148059844971,
        0.8194444179534912,
        0.8055555820465088,
        0.8194444179534912,
        0.8101851940155029
      ],
      [
        0.0,
        0.0,
        0.0,
        0.8472222089767456,
        0.8379629850387573,
        0.8240740895271301,
        0.8101851940155029,
        0.7962962985038757,
        0.8101851940155029,
        0.7777777910232544
      ],
      [
        0.0,
        0.0,
        0.0,
        0.0,
        0.8425925970077515,
        0.8333333134651184,
        0.8148148059844971,
        0.8101851940155029,
        0.7916666865348816,
        0.7870370149612427
      ],
      [
        0.0,
        0.0,
        0.0,
        0.0,
        0.0,
        0.8379629850387573,
        0.8148148059844971,
        0.8055555820465088,
        0.8055555820465088,
        0.8148148059844971
      ],
      [
        0.0,
        0.0,
        0.0,
        0.0,
        0.0,
        0.0,
        0.8518518805503845,
        0.8333333134651184,
        0.8055555820465088,
        0.8101851940155029
      ],
      [
        0.0,
        0.0,
        0.0,
        0.0,
        0.0,
        0.0,
        0.0,
        0.8657407164573669,
        0.8703703880310059,
        0.8425925970077515
      ],
      [
        0.0,
        0.0,
        0.0,
        0.0,
        0.0,
        0.0,
        0.0,
        0.0,
        0.8148148059844971,
        0.8148148059844971
      ],
      [
        0.0,
        0.0,
        0.0,
        0.0,
        0.0,
        0.0,
        0.0,
        0.0,
        0.0,
        0.875
      ]
    ]
  ],
  "flops_per_token": [
    [
      0.0,
      0.0,
      0.0,
      0.0,
      0.0,
      0.0,
      0.0,
      0.0,
      0.0,
      0.0
    ]
  ],
  "loss": [
    0.567715585231781
  ],
  "non_compositions": [
    0.0
  ]
}