{
  "compositions": [
    0.0
  ],
  "fact_accuracy": [
    0.8187543749809265
  ],
  "fact_accuracy_matrix": [
    [
      [
        0.8764705657958984,
        0.8202247023582458,
        0.7977527976036072,
        0.7808988690376282,
        0.7528089880943298,
        0.7303370833396912,
        0.6966292262077332,
        0.7022472023963928,
        0.6460674405097961,
        0.6629213690757751
      ],
      [
        0.0,
        0.801369845867157,
        0.7485380172729492,
        0.6783625483512878,
        0.6432748436927795,
        0.6491228342056274,
        0.5964912176132202,
        0.567251443862915,
        0.5789473652839661,
        0.5497075915336609
      ],
      [
        0.0,
        0.0,
        0.8310810923576355,
        0.7348066568374634,
        0.6629834175109863,
        0.6408839821815491,
        0.5690608024597168,
        0.4917127192020416,
        0.4806629717350006,
        0.5082873106002808
      ],
      [
        0.0,
        0.0,
        0.0,
        0.8296296000480652,
        0.7878788113594055,
        0.7272727489471436,
        0.7090908885002136,
        0.6424242258071899,
        0.6060606241226196,
        0.521212100982666
      ],
      [
        0.0,
        0.0,
        0.0,
        0.0,
        0.8333333134651184,
        0.7692307829856873,
        0.6764705777168274,
        0.658823549747467,
        0.6294117569923401,
        0.570588231086731
      ],
      [
        0.0,
        0.0,
        0.0,
        0.0,
        0.0,
        0.8723404407501221,
        0.7965116500854492,
        0.7183908224105835,
        0.7126436829566956,
        0.6724137663841248
      ],
      [
        0.0,
        0.0,
        0.0,
        0.0,
        0.0,
        0.0,
        0.8030303120613098,
        0.8095238208770752,
        0.7321428656578064,
        0.7202380895614624
      ],
      [
        0.0,
        0.0,
        0.0,
        0.0,
        0.0,
        0.0,
        0.0,
        0.8345323801040649,
        0.7640449404716492,
        0.6666666865348816
      ],
      [
        0.0,
        0.0,
        0.0,
        0.0,
        0.0,
        0.0,
        0.0,
        0.0,
        0.7266187071800232,
        0.7300613522529602
      ],
      [
        0.0,
        0.0,
        0.0,
        0.0,
        0.0,
        0.0,
        0.0,
        0.0,
        0.0,
        0.7659574747085571
      ]
    ]
  ],
  "fact_accuracy_over_time": [
    [
      0.8764705657958984,
      0.801369845867157,
      0.8310810923576355,
      0.8296296000480652,
      0.8333333134651184,
      0.8723404407501221,
      0.8030303120613098,
      0.8345323801040649,
      0.7266187071800232,
      0.7659574747085571
    ]
  ],
  "fact_retention": [
    [
      0.8187543749809265,
      0.7734627723693848,
      0.7072818875312805,
      0.695111870765686,
      0.6525505185127258,
      0.5988439321517944,
      0.5669064521789551,
      0.5962263941764832,
      0.5988538861274719,
      0.6629213690757751
    ]
  ],
  "fact_selectivity": [
    0.19243603944778442
  ],
  "fact_selectivity_matrix": [
    [
      [
        0.15789473056793213,
        0.23529411852359772,
        0.30882352590560913,
        0.30882352590560913,
        0.30882352590560913,
        0.375,
        0.36764705181121826,
        0.3897058963775635,
        0.44117647409439087,
        0.43382352590560913
      ],
      [
        0.0,
        0.291262149810791,
        0.32608696818351746,
        0.4202898442745209,
        0.39855071902275085,
        0.4420289993286133,
        0.4420289993286133,
        0.4420289993286133,
        0.52173912525177,
        0.5144927501678467
      ],
      [
        0.0,
        0.0,
        0.2211538404226303,
        0.25362318754196167,
        0.2971014380455017,
        0.28985506296157837,
        0.30434781312942505,
        0.36231884360313416,
        0.4275362193584442,
        0.4202898442745209
      ],
      [
        0.0,
        0.0,
        0.0,
        0.19587628543376923,
        0.25874125957489014,
        0.3402777910232544,
        0.3402777910232544,
        0.3819444477558136,
        0.4236111044883728,
        0.4513888955116272
      ],
      [
        0.0,
        0.0,
        0.0,
        0.0,
        0.2023809552192688,
        0.28260868787765503,
        0.3333333432674408,
        0.3546099364757538,
        0.40425533056259155,
        0.41134750843048096
      ],
      [
        0.0,
        0.0,
        0.0,
        0.0,
        0.0,
        0.13953489065170288,
        0.2601625919342041,
        0.3629032373428345,
        0.4193548262119293,
        0.4677419364452362
      ],
      [
        0.0,
        0.0,
        0.0,
        0.0,
        0.0,
        0.0,
        0.20253165066242218,
        0.24626865983009338,
        0.3235294222831726,
        0.34558823704719543
      ],
      [
        0.0,
        0.0,
        0.0,
        0.0,
        0.0,
        0.0,
        0.0,
        0.11999999731779099,
        0.1785714328289032,
        0.25
      ],
      [
        0.0,
        0.0,
        0.0,
        0.0,
        0.0,
        0.0,
        0.0,
        0.0,
        0.11538461595773697,
        0.2153846174478531
      ],
      [
        0.0,
        0.0,
        0.0,
        0.0,
        0.0,
        0.0,
        0.0,
        0.0,
        0.0,
        0.2531645596027374
      ]
    ]
  ],
  "fact_specificity": [
    0.7518740892410278
  ],
  "fact_specificity_matrix": [
    [
      [
        0.6800000071525574,
        0.7150837779045105,
        0.74301677942276,
        0.7374301552772522,
        0.7821229100227356,
        0.7709497213363647,
        0.8100558519363403,
        0.8100558519363403,
        0.7709497213363647,
        0.7932960987091064
      ],
      [
        0.0,
        0.7039473652839661,
        0.742514967918396,
        0.7604790329933167,
        0.7365269660949707,
        0.7604790329933167,
        0.7604790329933167,
        0.7784430980682373,
        0.772455096244812,
        0.8143712282180786
      ],
      [
        0.0,
        0.0,
        0.7785714268684387,
        0.7919074892997742,
        0.7976878881454468,
        0.7803468108177185,
        0.7919074892997742,
        0.8034682273864746,
        0.7803468108177185,
        0.7919074892997742
      ],
      [
        0.0,
        0.0,
        0.0,
        0.7560975551605225,
        0.7906976938247681,
        0.8092485666275024,
        0.8265895843505859,
        0.8208092451095581,
        0.8323699235916138,
        0.8381502628326416
      ],
      [
        0.0,
        0.0,
        0.0,
        0.0,
        0.7295082211494446,
        0.7727272510528564,
        0.7740113139152527,
        0.8135592937469482,
        0.8135592937469482,
        0.8248587846755981
      ],
      [
        0.0,
        0.0,
        0.0,
        0.0,
        0.0,
        0.7804877758026123,
        0.7664670944213867,
        0.7976190447807312,
        0.8095238208770752,
        0.8095238208770752
      ],
      [
        0.0,
        0.0,
        0.0,
        0.0,
        0.0,
        0.0,
        0.7903226017951965,
        0.8058823347091675,
        0.8421052694320679,
        0.8421052694320679
      ],
      [
        0.0,
        0.0,
        0.0,
        0.0,
        0.0,
        0.0,
        0.0,
        0.8267716765403748,
        0.7932960987091064,
        0.8111110925674438
      ],
      [
        0.0,
        0.0,
        0.0,
        0.0,
        0.0,
        0.0,
        0.0,
        0.0,
        0.734375,
        0.7701863646507263
      ],
      [
        0.0,
        0.0,
        0.0,
        0.0,
        0.0,
        0.0,
        0.0,
        0.0,
        0.0,
        0.7749999761581421
      ]
    ]
  ],
  "flops_per_token": [
    [
      0.0,
      0.0,
      0.0,
      0.0,
      0.0,
      0.0,
      0.0,
      0.0,
      0.0,
      0.0
    ]
  ],
  "format_accuracy": [
    0.0
  ],