{
  "compositions": [
    0.0
  ],
  "fact_accuracy": [
    0.7293233275413513
  ],
  "fact_accuracy_matrix": [
    [
      [
        0.7142857313156128,
        0.8333333134651184,
        0.8666666746139526,
        0.8999999761581421,
        0.800000011920929,
        0.6666666865348816,
        0.6333333253860474,
        0.6333333253860474,
        0.5666666626930237,
        0.5333333611488342
      ],
      [
        0.0,
        0.9375,
        0.9428571462631226,
        0.9428571462631226,
        0.8857142925262451,
        0.8285714387893677,
        0.8285714387893677,
        0.8571428656578064,
        0.7714285850524902,
        0.6857143044471741
      ],
      [
        0.0,
        0.0,
        0.8666666746139526,
        0.8857142925262451,
        0.800000011920929,
        0.800000011920929,
        0.7428571581840515,
        0.6857143044471741,
        0.7142857313156128,
        0.6571428775787354
      ],
      [
        0.0,
        0.0,
        0.0,
        0.9655172228813171,
        0.8108108043670654,
        0.7105262875556946,
        0.6315789222717285,
        0.6578947305679321,
        0.6315789222717285,
        0.5789473652839661
      ],
      [
        0.0,
        0.0,
        0.0,
        0.0,
        0.692307710647583,
        0.7586206793785095,
        0.7333333492279053,
        0.6666666865348816,
        0.6333333253860474,
        0.6333333253860474
      ],
      [
        0.0,
        0.0,
        0.0,
        0.0,
        0.0,
        0.7037037014961243,
        0.6666666865348816,
        0.6363636255264282,
        0.5454545617103577,
        0.5454545617103577
      ],
      [
        0.0,
        0.0,
        0.0,
        0.0,
        0.0,
        0.0,
        0.7916666865348816,
        0.7714285850524902,
        0.7428571581840515,
        0.7428571581840515
      ],
      [
        0.0,
        0.0,
        0.0,
        0.0,
        0.0,
        0.0,
        0.0,
        0.550000011920929,
        0.5,
        0.4642857015132904
      ],
      [
        0.0,
        0.0,
        0.0,
        0.0,
        0.0,
        0.0,
        0.0,
        0.0,
        0.4399999976158142,
        0.53125
      ],
      [
        0.0,
        0.0,
        0.0,
        0.0,
        0.0,
        0.0,
        0.0,
        0.0,
        0.0,
        0.47999998927116394
      ]
    ]
  ],
  "fact_accuracy_over_time": [
    [
      0.7142857313156128,
      0.9375,
      0.8666666746139526,
      0.9655172228813171,
      0.692307710647583,
      0.7037037014961243,
      0.7916666865348816,
      0.550000011920929,
      0.4399999976158142,
      0.47999998927116394
    ]
  ],
  "fact_retention": [
    [
      0.7293233275413513,
      0.7517006993293762,
      0.7424242496490479,
      0.7372881174087524,
      0.7014925479888916,
      0.6904761791229248,
      0.695652186870575,
      0.6899999976158142,
      0.6307692527770996,
      0.5333333611488342
    ]
  ],
  "fact_selectivity": [
    0.8390804529190063
  ],
  "fact_selectivity_matrix": [
    [
      [
        0.761904776096344,
        0.7692307829856873,
        0.7307692170143127,
        0.692307710647583,
        0.7307692170143127,
        0.7692307829856873,
        0.807692289352417,
        0.7692307829856873,
        0.807692289352417,
        0.807692289352417
      ],
      [
        0.0,
        0.8095238208770752,
        0.7241379022598267,
        0.6206896305084229,
        0.6551724076271057,
        0.6896551847457886,
        0.7586206793785095,
        0.7586206793785095,
        0.7931034564971924,
        0.7931034564971924
      ],
      [
        0.0,
        0.0,
        0.8571428656578064,
        0.8399999737739563,
        0.800000011920929,
        0.800000011920929,
        0.7599999904632568,
        0.7599999904632568,
        0.7599999904632568,
        0.800000011920929
      ],
      [
        0.0,
        0.0,
        0.0,
        0.875,
        0.7727272510528564,
        0.7727272510528564,
        0.7727272510528564,
        0.8181818127632141,
        0.8636363744735718,
        0.8636363744735718
      ],
      [
        0.0,
        0.0,
        0.0,
        0.0,
        1.0,
        0.9354838728904724,
        0.9354838728904724,
        0.9677419066429138,
        0.9677419066429138,
        0.9354838728904724
      ],
      [
        0.0,
        0.0,
        0.0,
        0.0,
        0.0,
        0.7272727489471436,
        0.782608687877655,
        0.75,
        0.7916666865348816,
        0.7916666865348816
      ],
      [
        0.0,
        0.0,
        0.0,
        0.0,
        0.0,
        0.0,
        0.8571428656578064,
        0.807692289352417,
        0.8928571343421936,
        0.8928571343421936
      ],
      [
        0.0,
        0.0,
        0.0,
        0.0,
        0.0,
        0.0,
        0.0,
        0.7058823704719543,
        0.8333333134651184,
        0.8333333134651184
      ],
      [
        0.0,
        0.0,
        0.0,
        0.0,
        0.0,
        0.0,
        0.0,
        0.0,
        0.9444444179534912,
        0.9285714030265808
      ],
      [
        0.0,
        0.0,
        0.0,
        0.0,
        0.0,
        0.0,
        0.0,
        0.0,
        0.0,
        0.8125
      ]
    ]
  ],
  "fact_specificity": [
    0.9166666865348816
  ],
  "fact_specificity_matrix": [
    [
      [
        0.9629629850387573,
        0.9666666388511658,
        0.9666666388511658,
        0.9666666388511658,
        0.9333333373069763,
        0.9333333373069763,
        0.9666666388511658,
        0.9333333373069763,
        0.9333333373069763,
        0.9333333373069763
      ],
      [
        0.0,
        0.9375,
        0.9117646813392639,
        0.9117646813392639,
        0.8823529481887817,
        0.8823529481887817,
        0.8823529481887817,
        0.8823529481887817,
        0.8823529481887817,
        0.8823529481887817
      ],
      [
        0.0,
        0.0,
        0.8888888955116272,
        0.9117646813392639,
        0.9117646813392639,
        0.9117646813392639,
        0.9117646813392639,
        0.9117646813392639,
        0.9117646813392639,
        0.9117646813392639
      ],
      [
        0.0,
        0.0,
        0.0,
        0.875,
        0.84375,
        0.84375,
        0.84375,
        0.84375,
        0.84375,
        0.84375
      ],
      [
        0.0,
        0.0,
        0.0,
        0.0,
        0.8999999761581421,
        0.931034505367279,
        0.931034505367279,
        0.931034505367279,
        0.931034505367279,
        0.931034505367279
      ],
      [
        0.0,
        0.0,
        0.0,
        0.0,
        0.0,
        0.95652174949646,
        0.9354838728904724,
        0.9375,
        0.9375,
        0.9375
      ],
      [
        0.0,
        0.0,
        0.0,
        0.0,
        0.0,
        0.0,
        0.9130434989929199,
        0.8620689511299133,
        0.8709677457809448,
        0.8387096524238586
      ],
      [
        0.0,
        0.0,
        0.0,
        0.0,
        0.0,
        0.0,
        0.0,
        1.0,
        1.0,
        1.0
      ],
      [
        0.0,
        0.0,
        0.0,
        0.0,
        0.0,
        0.0,
        0.0,
        0.0,
        0.8999999761581421,
        0.8928571343421936
      ],
      [
        0.0,
        0.0,
        0.0,
        0.0,
        0.0,
        0.0,
        0.0,
        0.0,
        0.0,
        0.8461538553237915
      ]
    ]
  ],
  "flops_per_token": [
    [
      0.0,
      0.0,
      0.0,
      0.0,
      0.0,
      0.0,
      0.0,
      0.0,
      0.0,
      0.0
    ]
  ],
  "format_accuracy": [
    0.5216763019561768
  ],