{
  "compositions": [
    0.0
  ],
  "fact_accuracy": [
    0.744576632976532
  ],
  "fact_accuracy_matrix": [
    [
      [
        0.8764705657958984,
        0.8876404762268066,
        0.8707864880561829,
        0.8426966071128845,
        0.7977527976036072,
        0.7808988690376282,
        0.7528089880943298,
        0.7303370833396912,
        0.7078651785850525,
        0.6629213690757751
      ],
      [
        0.0,
        0.9178082346916199,
        0.8538011908531189,
        0.8245614171028137,
        0.7894737124443054,
        0.7719298005104065,
        0.7543859481811523,
        0.7660818696022034,
        0.7543859481811523,
        0.707602322101593
      ],
      [
        0.0,
        0.0,
        0.8648648858070374,
        0.8176795840263367,
        0.7955800890922546,
        0.7790055274963379,
        0.7292817831039429,
        0.7348066568374634,
        0.7237569093704224,
        0.7127071619033813
      ],
      [
        0.0,
        0.0,
        0.0,
        0.8148148059844971,
        0.7515151500701904,
        0.7151514887809753,
        0.7575757503509521,
        0.7212121486663818,
        0.7090908885002136,
        0.7090908885002136
      ],
      [
        0.0,
        0.0,
        0.0,
        0.0,
        0.7463768124580383,
        0.7514792680740356,
        0.7411764860153198,
        0.729411780834198,
        0.699999988079071,
        0.699999988079071
      ],
      [
        0.0,
        0.0,
        0.0,
        0.0,
        0.0,
        0.652482271194458,
        0.6627907156944275,
        0.6264367699623108,
        0.6436781883239746,
        0.6321839094161987
      ],
      [
        0.0,
        0.0,
        0.0,
        0.0,
        0.0,
        0.0,
        0.6666666865348816,
        0.6904761791229248,
        0.6904761791229248,
        0.6726190447807312
      ],
      [
        0.0,
        0.0,
        0.0,
        0.0,
        0.0,
        0.0,
        0.0,
        0.7122302055358887,
        0.6629213690757751,
        0.6777777671813965
      ],
      [
        0.0,
        0.0,
        0.0,
        0.0,
        0.0,
        0.0,
        0.0,
        0.0,
        0.5539568066596985,
        0.5828220844268799
      ],
      [
        0.0,
        0.0,
        0.0,
        0.0,
        0.0,
        0.0,
        0.0,
        0.0,
        0.0,
        0.5957446694374084
      ]
    ]
  ],
  "fact_accuracy_over_time": [
    [
      0.8764705657958984,
      0.9178082346916199,
      0.8648648858070374,
      0.8148148059844971,
      0.7463768124580383,
      0.652482271194458,
      0.6666666865348816,
      0.7122302055358887,
      0.5539568066596985,
      0.5957446694374084
    ]
  ],
  "fact_retention": [
    [
      0.744576632976532,
      0.7417475581169128,
      0.7433309555053711,
      0.7456503510475159,
      0.7256978154182434,
      0.7364161610603333,
      0.7381294965744019,
      0.7320754528045654,
      0.7077363729476929,
      0.6629213690757751
    ]
  ],
  "fact_selectivity": [
    0.6184649467468262
  ],
  "fact_selectivity_matrix": [
    [
      [
        0.6228070259094238,
        0.595588207244873,
        0.6029411554336548,
        0.5661764740943909,
        0.6323529481887817,
        0.625,
        0.6617646813392639,
        0.6617646813392639,
        0.6617646813392639,
        0.6838235259056091
      ],
      [
        0.0,
        0.6699029207229614,
        0.6666666865348816,
        0.6739130616188049,
        0.7101449370384216,
        0.6811594367027283,
        0.6811594367027283,
        0.695652186870575,
        0.7028985619544983,
        0.7318840622901917
      ],
      [
        0.0,
        0.0,
        0.6057692170143127,
        0.5724637508392334,
        0.6159420013427734,
        0.6159420013427734,
        0.6304348111152649,
        0.6304348111152649,
        0.6376811861991882,
        0.6594203114509583
      ],
      [
        0.0,
        0.0,
        0.0,
        0.5051546096801758,
        0.5244755148887634,
        0.5763888955116272,
        0.5486111044883728,
        0.5277777910232544,
        0.5486111044883728,
        0.5694444179534912
      ],
      [
        0.0,
        0.0,
        0.0,
        0.0,
        0.523809552192688,
        0.6014492511749268,
        0.6453900933265686,
        0.652482271194458,
        0.6666666865348816,
        0.6808510422706604
      ],
      [
        0.0,
        0.0,
        0.0,
        0.0,
        0.0,
        0.6744186282157898,
        0.6585366129875183,
        0.6693548560142517,
        0.7016128897666931,
        0.6935483813285828
      ],
      [
        0.0,
        0.0,
        0.0,
        0.0,
        0.0,
        0.0,
        0.6329113841056824,
        0.641791045665741,
        0.6691176295280457,
        0.6911764740943909
      ],
      [
        0.0,
        0.0,
        0.0,
        0.0,
        0.0,
        0.0,
        0.0,
        0.6000000238418579,
        0.6875,
        0.6875
      ],
      [
        0.0,
        0.0,
        0.0,
        0.0,
        0.0,
        0.0,
        0.0,
        0.0,
        0.5641025900840759,
        0.692307710647583
      ],
      [
        0.0,
        0.0,
        0.0,
        0.0,
        0.0,
        0.0,
        0.0,
        0.0,
        0.0,
        0.797468364238739
      ]
    ]
  ],
  "fact_specificity": [
    0.7713643312454224
  ],
  "fact_specificity_matrix": [
    [
      [
        0.822857141494751,
        0.7541899681091309,
        0.7262569665908813,
        0.7262569665908813,
        0.7318435907363892,
        0.7541899681091309,
        0.748603343963623,
        0.748603343963623,
        0.7597765326499939,
        0.7653631567955017
      ],
      [
        0.0,
        0.8026315569877625,
        0.7664670944213867,
        0.7245509028434753,
        0.71856290102005,
        0.7245509028434753,
        0.71257483959198,
        0.71257483959198,
        0.7065868377685547,
        0.7005987763404846
      ],
      [
        0.0,
        0.0,
        0.7785714268684387,
        0.7803468108177185,
        0.7861271500587463,
        0.763005793094635,
        0.7745664715766907,
        0.7976878881454468,
        0.7861271500587463,
        0.7976878881454468
      ],
      [
        0.0,
        0.0,
        0.0,
        0.7398374080657959,
        0.7383720874786377,
        0.7283236980438232,
        0.7398843765258789,
        0.7514451146125793,
        0.7398843765258789,
        0.7572254538536072
      ],
      [
        0.0,
        0.0,
        0.0,
        0.0,
        0.7786885499954224,
        0.8068181872367859,
        0.8079096078872681,
        0.8248587846755981,
        0.8305084705352783,
        0.8248587846755981
      ],
      [
        0.0,
        0.0,
        0.0,
        0.0,
        0.0,
        0.7642276287078857,
        0.7544910311698914,
        0.7857142686843872,
        0.773809552192688,
        0.7678571343421936
      ],
      [
        0.0,
        0.0,
        0.0,
        0.0,
        0.0,
        0.0,
        0.6935483813285828,
        0.7235293984413147,
        0.719298243522644,
        0.707602322101593
      ],
      [
        0.0,
        0.0,
        0.0,
        0.0,
        0.0,
        0.0,
        0.0,
        0.787401556968689,
        0.7709497213363647,
        0.7555555701255798
      ],
      [
        0.0,
        0.0,
        0.0,
        0.0,
        0.0,
        0.0,
        0.0,
        0.0,
        0.7265625,
        0.7329192757606506
      ],
      [
        0.0,
        0.0,
        0.0,
        0.0,
        0.0,
        0.0,
        0.0,
        0.0,
        0.0,
        0.7916666865348816
      ]
    ]
  ],
  "flops_per_token": [
    [
      0.0,
      0.0,
      0.0,
      0.0,
      0.0,
      0.0,
      0.0,
      0.0,
      0.0,
      0.0
    ]
  ],
  "format_accuracy": [
    0.0
  ],