{
  "compositions": [
    0.0
  ],
  "fact_accuracy": [
    0.8857142925262451
  ],
  "fact_accuracy_matrix": [
    [
      [
        0.8571428656578064,
        0.8636363744735718,
        0.7727272510528564,
        0.7272727489471436,
        0.9090909361839294,
        0.8181818127632141,
        0.6363636255264282,
        0.7272727489471436,
        0.7727272510528564,
        0.6363636255264282
      ],
      [
        0.0,
        0.9523809552192688,
        0.9200000166893005,
        0.9200000166893005,
        0.7599999904632568,
        0.6800000071525574,
        0.800000011920929,
        0.7200000286102295,
        0.6800000071525574,
        0.6399999856948853
      ],
      [
        0.0,
        0.0,
        0.7931034564971924,
        0.774193525314331,
        0.774193525314331,
        0.7419354915618896,
        0.7096773982048035,
        0.774193525314331,
        0.6774193644523621,
        0.5806451439857483
      ],
      [
        0.0,
        0.0,
        0.0,
        0.9523809552192688,
        0.9599999785423279,
        0.9200000166893005,
        0.800000011920929,
        0.8799999952316284,
        0.9200000166893005,
        0.800000011920929
      ],
      [
        0.0,
        0.0,
        0.0,
        0.0,
        0.9130434989929199,
        0.9629629850387573,
        0.8518518805503845,
        0.8888888955116272,
        0.9259259104728699,
        0.9259259104728699
      ],
      [
        0.0,
        0.0,
        0.0,
        0.0,
        0.0,
        0.949999988079071,
        0.9583333134651184,
        0.875,
        0.9583333134651184,
        0.875
      ],
      [
        0.0,
        0.0,
        0.0,
        0.0,
        0.0,
        0.0,
        0.9375,
        0.95652174949646,
        0.9583333134651184,
        0.9166666865348816
      ],
      [
        0.0,
        0.0,
        0.0,
        0.0,
        0.0,
        0.0,
        0.0,
        0.8999999761581421,
        0.8928571343421936,
        0.931034505367279
      ],
      [
        0.0,
        0.0,
        0.0,
        0.0,
        0.0,
        0.0,
        0.0,
        0.0,
        0.7647058963775635,
        0.8799999952316284
      ],
      [
        0.0,
        0.0,
        0.0,
        0.0,
        0.0,
        0.0,
        0.0,
        0.0,
        0.0,
        0.8636363744735718
      ]
    ]
  ],
  "fact_accuracy_over_time": [
    [
      0.8571428656578064,
      0.9523809552192688,
      0.7931034564971924,
      0.9523809552192688,
      0.9130434989929199,
      0.949999988079071,
      0.9375,
      0.8999999761581421,
      0.7647058963775635,
      0.8636363744735718
    ]
  ],
  "fact_retention": [
    [
      0.8857142925262451,
      0.904347836971283,
      0.8743961453437805,
      0.8258426785469055,
      0.8246753215789795,
      0.8461538553237915,
      0.708737850189209,
      0.6538461446762085,
      0.7021276354789734,
      0.6363636255264282
    ]
  ],
  "fact_selectivity": [
    0.5808823704719543
  ],
  "fact_selectivity_matrix": [
    [
      [
        0.6666666865348816,
        0.6666666865348816,
        0.6666666865348816,
        0.6666666865348816,
        0.48148149251937866,
        0.40740740299224854,
        0.40740740299224854,
        0.29629629850387573,
        0.18518517911434174,
        0.29629629850387573
      ],
      [
        0.0,
        0.6499999761581421,
        0.52173912525177,
        0.6086956262588501,
        0.52173912525177,
        0.30434781312942505,
        0.30434781312942505,
        0.21739129722118378,
        0.3478260934352875,
        0.3478260934352875
      ],
      [
        0.0,
        0.0,
        0.3636363744735718,
        0.25,
        0.3499999940395355,
        0.44999998807907104,
        0.20000000298023224,
        0.15000000596046448,
        0.25,
        0.10000000149011612
      ],
      [
        0.0,
        0.0,
        0.0,
        0.6000000238418579,
        0.47058823704719543,
        0.47058823704719543,
        0.3529411852359772,
        0.3529411852359772,
        0.29411765933036804,
        0.3529411852359772
      ],
      [
        0.0,
        0.0,
        0.0,
        0.0,
        0.5,
        0.43478259444236755,
        0.47826087474823,
        0.47826087474823,
        0.3913043439388275,
        0.3478260934352875
      ],
      [
        0.0,
        0.0,
        0.0,
        0.0,
        0.0,
        0.800000011920929,
        0.625,
        0.625,
        0.7083333134651184,
        0.5833333134651184
      ],
      [
        0.0,
        0.0,
        0.0,
        0.0,
        0.0,
        0.0,
        0.5,
        0.42105263471603394,
        0.2631579041481018,
        0.42105263471603394
      ],
      [
        0.0,
        0.0,
        0.0,
        0.0,
        0.0,
        0.0,
        0.0,
        0.6666666865348816,
        0.75,
        0.5625
      ],
      [
        0.0,
        0.0,
        0.0,
        0.0,
        0.0,
        0.0,
        0.0,
        0.0,
        0.5454545617103577,
        0.29411765933036804
      ],
      [
        0.0,
        0.0,
        0.0,
        0.0,
        0.0,
        0.0,
        0.0,
        0.0,
        0.0,
        0.3333333432674408
      ]
    ]
  ],
  "fact_specificity": [
    0.9113300442695618
  ],
  "fact_specificity_matrix": [
    [
      [
        0.9583333134651184,
        0.9200000166893005,
        0.9200000166893005,
        0.8799999952316284,
        0.8799999952316284,
        0.9200000166893005,
        0.9200000166893005,
        0.9200000166893005,
        0.9200000166893005,
        0.8799999952316284
      ],
      [
        0.0,
        0.9130434989929199,
        0.9166666865348816,
        0.9166666865348816,
        0.875,
        0.875,
        0.8333333134651184,
        0.8333333134651184,
        0.8333333134651184,
        0.8333333134651184
      ],
      [
        0.0,
        0.0,
        0.8846153616905212,
        0.931034505367279,
        0.8965517282485962,
        0.8965517282485962,
        0.8965517282485962,
        0.8965517282485962,
        0.8965517282485962,
        0.8965517282485962
      ],
      [
        0.0,
        0.0,
        0.0,
        0.8571428656578064,
        0.8518518805503845,
        0.8518518805503845,
        0.8888888955116272,
        0.8888888955116272,
        0.8518518805503845,
        0.8148148059844971
      ],
      [
        0.0,
        0.0,
        0.0,
        0.0,
        0.9090909361839294,
        0.8571428656578064,
        0.8571428656578064,
        0.8571428656578064,
        0.8571428656578064,
        0.8571428656578064
      ],
      [
        0.0,
        0.0,
        0.0,
        0.0,
        0.0,
        0.9411764740943909,
        0.9200000166893005,
        0.8799999952316284,
        0.8799999952316284,
        0.8799999952316284
      ],
      [
        0.0,
        0.0,
        0.0,
        0.0,
        0.0,
        0.0,
        0.9230769276618958,
        0.8500000238418579,
        0.8636363744735718,
        0.8636363744735718
      ],
      [
        0.0,
        0.0,
        0.0,
        0.0,
        0.0,
        0.0,
        0.0,
        0.9523809552192688,
        0.9599999785423279,
        0.9615384340286255
      ],
      [
        0.0,
        0.0,
        0.0,
        0.0,
        0.0,
        0.0,
        0.0,
        0.0,
        0.8947368264198303,
        0.8518518805503845
      ],
      [
        0.0,
        0.0,
        0.0,
        0.0,
        0.0,
        0.0,
        0.0,
        0.0,
        0.0,
        0.8823529481887817
      ]
    ]
  ],
  "flops_per_token": [
    [
      0.0,
      0.0,
      0.0,
      0.0,
      0.0,
      0.0,
      0.0,
      0.0,
      0.0,
      0.0
    ]
  ],
  "format_accuracy": [
    0.6326530575752258
  ],