{
  "compositions": [
    0.0
  ],
  "fact_accuracy": [
    0.7543736696243286
  ],
  "fact_accuracy_matrix": [
    [
      [
        0.8235294222831726,
        0.7977527976036072,
        0.7528089880943298,
        0.6966292262077332,
        0.6797752976417542,
        0.6404494643211365,
        0.5955055952072144,
        0.6348314881324768,
        0.5898876190185547,
        0.5955055952072144
      ],
      [
        0.0,
        0.7602739930152893,
        0.6666666865348816,
        0.6140350699424744,
        0.6198830604553223,
        0.6257309913635254,
        0.5730994343757629,
        0.5380116701126099,
        0.5146198868751526,
        0.5087719559669495
      ],
      [
        0.0,
        0.0,
        0.6891891956329346,
        0.6077347993850708,
        0.580110490322113,
        0.5745856165885925,
        0.5469613075256348,
        0.5082873106002808,
        0.45303866267204285,
        0.4861878454685211
      ],
      [
        0.0,
        0.0,
        0.0,
        0.7333333492279053,
        0.6969696879386902,
        0.6303030252456665,
        0.6242424249649048,
        0.5696969628334045,
        0.5696969628334045,
        0.521212100982666
      ],
      [
        0.0,
        0.0,
        0.0,
        0.0,
        0.760869562625885,
        0.6568047404289246,
        0.6117647290229797,
        0.5764706134796143,
        0.5588235259056091,
        0.5411764979362488
      ],
      [
        0.0,
        0.0,
        0.0,
        0.0,
        0.0,
        0.7943262457847595,
        0.7093023061752319,
        0.6264367699623108,
        0.6091954112052917,
        0.540229856967926
      ],
      [
        0.0,
        0.0,
        0.0,
        0.0,
        0.0,
        0.0,
        0.7803030014038086,
        0.7559523582458496,
        0.726190447807312,
        0.6726190447807312
      ],
      [
        0.0,
        0.0,
        0.0,
        0.0,
        0.0,
        0.0,
        0.0,
        0.7122302055358887,
        0.6629213690757751,
        0.6388888955116272
      ],
      [
        0.0,
        0.0,
        0.0,
        0.0,
        0.0,
        0.0,
        0.0,
        0.0,
        0.7338129281997681,
        0.7239263653755188
      ],
      [
        0.0,
        0.0,
        0.0,
        0.0,
        0.0,
        0.0,
        0.0,
        0.0,
        0.0,
        0.7446808218955994
      ]
    ]
  ],
  "fact_accuracy_over_time": [
    [
      0.8235294222831726,
      0.7602739930152893,
      0.6891891956329346,
      0.7333333492279053,
      0.760869562625885,
      0.7943262457847595,
      0.7803030014038086,
      0.7122302055358887,
      0.7338129281997681,
      0.7446808218955994
    ]
  ],
  "fact_retention": [
    [
      0.7543736696243286,
      0.6970874071121216,
      0.647440493106842,
      0.6246893405914307,
      0.587103009223938,
      0.5664739608764648,
      0.5266187191009521,
      0.5452830195426941,
      0.5501432418823242,
      0.5955055952072144
    ]
  ],
  "fact_selectivity": [
    0.2480533868074417
  ],
  "fact_selectivity_matrix": [
    [
      [
        0.2368421107530594,
        0.29411765933036804,
        0.3382352888584137,
        0.36764705181121826,
        0.375,
        0.4485294222831726,
        0.43382352590560913,
        0.4117647111415863,
        0.43382352590560913,
        0.45588234066963196
      ],
      [
        0.0,
        0.27184465527534485,
        0.30434781312942505,
        0.37681159377098083,
        0.39855071902275085,
        0.45652174949645996,
        0.4637681245803833,
        0.47101449966430664,
        0.49275362491607666,
        0.5072463750839233
      ],
      [
        0.0,
        0.0,
        0.24038460850715637,
        0.28260868787765503,
        0.2971014380455017,
        0.30434781312942505,
        0.34057971835136414,
        0.4057970941066742,
        0.4637681245803833,
        0.43478259444236755
      ],
      [
        0.0,
        0.0,
        0.0,
        0.2164948433637619,
        0.30069929361343384,
        0.3888888955116272,
        0.3888888955116272,
        0.3958333432674408,
        0.4236111044883728,
        0.4930555522441864
      ],
      [
        0.0,
        0.0,
        0.0,
        0.0,
        0.190476194024086,
        0.32608696818351746,
        0.39007091522216797,
        0.41134750843048096,
        0.45390069484710693,
        0.44680851697921753
      ],
      [
        0.0,
        0.0,
        0.0,
        0.0,
        0.0,
        0.302325576543808,
        0.3983739912509918,
        0.44354838132858276,
        0.44354838132858276,
        0.44354838132858276
      ],
      [
        0.0,
        0.0,
        0.0,
        0.0,
        0.0,
        0.0,
        0.26582279801368713,
        0.26865673065185547,
        0.3529411852359772,
        0.36764705181121826
      ],
      [
        0.0,
        0.0,
        0.0,
        0.0,
        0.0,
        0.0,
        0.0,
        0.2666666805744171,
        0.2767857015132904,
        0.3571428656578064
      ],
      [
        0.0,
        0.0,
        0.0,
        0.0,
        0.0,
        0.0,
        0.0,
        0.0,
        0.1538461595773697,
        0.26923078298568726
      ],
      [
        0.0,
        0.0,
        0.0,
        0.0,
        0.0,
        0.0,
        0.0,
        0.0,
        0.0,
        0.3417721390724182
      ]
    ]
  ],
  "fact_specificity": [
    0.7226386666297913
  ],
  "fact_specificity_matrix": [
    [
      [
        0.6628571152687073,
        0.6871508359909058,
        0.7150837779045105,
        0.74301677942276,
        0.7597765326499939,
        0.7653631567955017,
        0.7709497213363647,
        0.7653631567955017,
        0.748603343963623,
        0.748603343963623
      ],
      [
        0.0,
        0.6842105388641357,
        0.71257483959198,
        0.7365269660949707,
        0.7305389046669006,
        0.7544910311698914,
        0.742514967918396,
        0.7245509028434753,
        0.7544910311698914,
        0.7544910311698914
      ],
      [
        0.0,
        0.0,
        0.7285714149475098,
        0.7283236980438232,
        0.7803468108177185,
        0.7919074892997742,
        0.7919074892997742,
        0.7687861323356628,
        0.7861271500587463,
        0.7861271500587463
      ],
      [
        0.0,
        0.0,
        0.0,
        0.6910569071769714,
        0.7441860437393188,
        0.7514451146125793,
        0.7341040372848511,
        0.7514451146125793,
        0.7687861323356628,
        0.7398843765258789
      ],
      [
        0.0,
        0.0,
        0.0,
        0.0,
        0.7622950673103333,
        0.7784090638160706,
        0.7683615684509277,
        0.7796609997749329,
        0.7853107452392578,
        0.8022598624229431
      ],
      [
        0.0,
        0.0,
        0.0,
        0.0,
        0.0,
        0.7642276287078857,
        0.7844311594963074,
        0.8095238208770752,
        0.8035714030265808,
        0.8154761791229248
      ],
      [
        0.0,
        0.0,
        0.0,
        0.0,
        0.0,
        0.0,
        0.725806474685669,
        0.7764706015586853,
        0.7953216433525085,
        0.7953216433525085
      ],
      [
        0.0,
        0.0,
        0.0,
        0.0,
        0.0,
        0.0,
        0.0,
        0.7795275449752808,
        0.748603343963623,
        0.7611111402511597
      ],
      [
        0.0,
        0.0,
        0.0,
        0.0,
        0.0,
        0.0,
        0.0,
        0.0,
        0.6953125,
        0.7204968929290771
      ],
      [
        0.0,
        0.0,
        0.0,
        0.0,
        0.0,
        0.0,
        0.0,
        0.0,
        0.0,
        0.7666666507720947
      ]
    ]
  ],
  "flops_per_token": [
    [
      0.0,
      0.0,
      0.0,
      0.0,
      0.0,
      0.0,
      0.0,
      0.0,
      0.0,
      0.0
    ]
  ],
  "format_accuracy": [
    0.0
  ],