{
  "compositions": [
    0.0
  ],
  "fact_accuracy": [
    0.9436089992523193
  ],
  "fact_accuracy_matrix": [
    [
      [
        0.9285714030265808,
        0.8999999761581421,
        0.8999999761581421,
        0.9333333373069763,
        0.9333333373069763,
        0.9333333373069763,
        0.9333333373069763,
        0.9333333373069763,
        0.8666666746139526,
        0.800000011920929
      ],
      [
        0.0,
        1.0,
        1.0,
        1.0,
        1.0,
        1.0,
        1.0,
        1.0,
        1.0,
        0.9142857193946838
      ],
      [
        0.0,
        0.0,
        0.9666666388511658,
        0.9428571462631226,
        0.9714285731315613,
        0.9142857193946838,
        0.8857142925262451,
        0.8857142925262451,
        0.8571428656578064,
        0.8857142925262451
      ],
      [
        0.0,
        0.0,
        0.0,
        0.8965517282485962,
        0.9459459185600281,
        1.0,
        0.9473684430122375,
        0.9473684430122375,
        0.9473684430122375,
        0.9210526347160339
      ],
      [
        0.0,
        0.0,
        0.0,
        0.0,
        0.9615384340286255,
        0.931034505367279,
        0.8999999761581421,
        0.8999999761581421,
        0.8999999761581421,
        0.8999999761581421
      ],
      [
        0.0,
        0.0,
        0.0,
        0.0,
        0.0,
        0.9629629850387573,
        0.9696969985961914,
        0.9696969985961914,
        0.9090909361839294,
        0.9090909361839294
      ],
      [
        0.0,
        0.0,
        0.0,
        0.0,
        0.0,
        0.0,
        0.9166666865348816,
        0.9714285731315613,
        1.0,
        0.9428571462631226
      ],
      [
        0.0,
        0.0,
        0.0,
        0.0,
        0.0,
        0.0,
        0.0,
        0.949999988079071,
        0.9642857313156128,
        0.9285714030265808
      ],
      [
        0.0,
        0.0,
        0.0,
        0.0,
        0.0,
        0.0,
        0.0,
        0.0,
        0.8799999952316284,
        0.84375
      ],
      [
        0.0,
        0.0,
        0.0,
        0.0,
        0.0,
        0.0,
        0.0,
        0.0,
        0.0,
        0.9599999785423279
      ]
    ]
  ],
  "fact_accuracy_over_time": [
    [
      0.9285714030265808,
      1.0,
      0.9666666388511658,
      0.8965517282485962,
      0.9615384340286255,
      0.9629629850387573,
      0.9166666865348816,
      0.949999988079071,
      0.8799999952316284,
      0.9599999785423279
    ]
  ],
  "fact_retention": [
    [
      0.9436089992523193,
      0.942176878452301,
      0.9621211886405945,
      0.9364407062530518,
      0.93034827709198,
      0.9345238208770752,
      0.9275362491607666,
      0.9399999976158142,
      0.892307698726654,
      0.800000011920929
    ]
  ],
  "fact_selectivity": [
    0.8448275923728943
  ],
  "fact_selectivity_matrix": [
    [
      [
        0.7142857313156128,
        0.8461538553237915,
        0.692307710647583,
        0.5769230723381042,
        0.5,
        0.42307692766189575,
        0.42307692766189575,
        0.38461539149284363,
        0.42307692766189575,
        0.5
      ],
      [
        0.0,
        0.8095238208770752,
        0.7586206793785095,
        0.6551724076271057,
        0.517241358757019,
        0.517241358757019,
        0.6206896305084229,
        0.6206896305084229,
        0.517241358757019,
        0.48275861144065857
      ],
      [
        0.0,
        0.0,
        0.9047619104385376,
        0.8799999952316284,
        0.8399999737739563,
        0.8399999737739563,
        0.7200000286102295,
        0.6399999856948853,
        0.6000000238418579,
        0.5600000023841858
      ],
      [
        0.0,
        0.0,
        0.0,
        1.0,
        0.9545454382896423,
        0.9545454382896423,
        0.7272727489471436,
        0.7727272510528564,
        0.6363636255264282,
        0.6363636255264282
      ],
      [
        0.0,
        0.0,
        0.0,
        0.0,
        1.0,
        1.0,
        0.9677419066429138,
        0.9032257795333862,
        0.7096773982048035,
        0.6774193644523621
      ],
      [
        0.0,
        0.0,
        0.0,
        0.0,
        0.0,
        0.6363636255264282,
        0.782608687877655,
        0.75,
        0.625,
        0.6666666865348816
      ],
      [
        0.0,
        0.0,
        0.0,
        0.0,
        0.0,
        0.0,
        0.9285714030265808,
        0.8846153616905212,
        0.8571428656578064,
        0.7142857313156128
      ],
      [
        0.0,
        0.0,
        0.0,
        0.0,
        0.0,
        0.0,
        0.0,
        0.8823529481887817,
        0.8333333134651184,
        0.800000011920929
      ],
      [
        0.0,
        0.0,
        0.0,
        0.0,
        0.0,
        0.0,
        0.0,
        0.0,
        0.7777777910232544,
        0.6428571343421936
      ],
      [
        0.0,
        0.0,
        0.0,
        0.0,
        0.0,
        0.0,
        0.0,
        0.0,
        0.0,
        0.75
      ]
    ]
  ],
  "fact_specificity": [
    0.9083333611488342
  ],
  "fact_specificity_matrix": [
    [
      [
        0.9629629850387573,
        0.9333333373069763,
        0.9333333373069763,
        0.9666666388511658,
        0.9333333373069763,
        0.8999999761581421,
        0.8999999761581421,
        0.8999999761581421,
        0.8666666746139526,
        0.8333333134651184
      ],
      [
        0.0,
        0.9375,
        0.9117646813392639,
        0.9117646813392639,
        0.9117646813392639,
        0.8823529481887817,
        0.8823529481887817,
        0.8823529481887817,
        0.8823529481887817,
        0.9117646813392639
      ],
      [
        0.0,
        0.0,
        0.9259259104728699,
        0.9117646813392639,
        0.9117646813392639,
        0.9411764740943909,
        0.9117646813392639,
        0.9117646813392639,
        0.9117646813392639,
        0.9117646813392639
      ],
      [
        0.0,
        0.0,
        0.0,
        0.875,
        0.78125,
        0.75,
        0.71875,
        0.71875,
        0.6875,
        0.71875
      ],
      [
        0.0,
        0.0,
        0.0,
        0.0,
        0.949999988079071,
        0.8965517282485962,
        0.8965517282485962,
        0.931034505367279,
        0.931034505367279,
        0.931034505367279
      ],
      [
        0.0,
        0.0,
        0.0,
        0.0,
        0.0,
        0.9130434989929199,
        0.9032257795333862,
        0.875,
        0.84375,
        0.84375
      ],
      [
        0.0,
        0.0,
        0.0,
        0.0,
        0.0,
        0.0,
        0.9130434989929199,
        0.8965517282485962,
        0.8709677457809448,
        0.8709677457809448
      ],
      [
        0.0,
        0.0,
        0.0,
        0.0,
        0.0,
        0.0,
        0.0,
        0.8888888955116272,
        0.8928571343421936,
        0.8965517282485962
      ],
      [
        0.0,
        0.0,
        0.0,
        0.0,
        0.0,
        0.0,
        0.0,
        0.0,
        0.800000011920929,
        0.8214285969734192
      ],
      [
        0.0,
        0.0,
        0.0,
        0.0,
        0.0,
        0.0,
        0.0,
        0.0,
        0.0,
        0.8846153616905212
      ]
    ]
  ],
  "flops_per_token": [
    [
      0.0,
      0.0,
      0.0,
      0.0,
      0.0,
      0.0,
      0.0,
      0.0,
      0.0,
      0.0
    ]
  ],
  "format_accuracy": [
    1.0
  ],