{
  "compositions": [
    0.0
  ],
  "fact_accuracy": [
    0.8872685432434082
  ],
  "fact_accuracy_matrix": [
    [
      [
        0.9745370149612427,
        0.9513888955116272,
        0.9259259104728699,
        0.9421296119689941,
        0.9120370149612427,
        0.8888888955116272,
        0.8912037014961243,
        0.8773148059844971,
        0.8611111044883728,
        0.8495370149612427
      ],
      [
        0.0,
        0.9513888955116272,
        0.9606481194496155,
        0.9652777910232544,
        0.9375,
        0.9189814925193787,
        0.9027777910232544,
        0.8865740895271301,
        0.8796296119689941,
        0.8680555820465088
      ],
      [
        0.0,
        0.0,
        0.9305555820465088,
        0.9166666865348816,
        0.8981481194496155,
        0.8819444179534912,
        0.8587962985038757,
        0.8611111044883728,
        0.8518518805503845,
        0.8472222089767456
      ],
      [
        0.0,
        0.0,
        0.0,
        0.9398148059844971,
        0.9074074029922485,
        0.8888888955116272,
        0.875,
        0.8611111044883728,
        0.8587962985038757,
        0.8402777910232544
      ],
      [
        0.0,
        0.0,
        0.0,
        0.0,
        0.9236111044883728,
        0.9074074029922485,
        0.8888888955116272,
        0.8819444179534912,
        0.8680555820465088,
        0.8587962985038757
      ],
      [
        0.0,
        0.0,
        0.0,
        0.0,
        0.0,
        0.9120370149612427,
        0.8958333134651184,
        0.8680555820465088,
        0.8449074029922485,
        0.8287037014961243
      ],
      [
        0.0,
        0.0,
        0.0,
        0.0,
        0.0,
        0.0,
        0.8194444179534912,
        0.8009259104728699,
        0.7870370149612427,
        0.7731481194496155
      ],
      [
        0.0,
        0.0,
        0.0,
        0.0,
        0.0,
        0.0,
        0.0,
        0.8217592835426331,
        0.8078703880310059,
        0.7916666865348816
      ],
      [
        0.0,
        0.0,
        0.0,
        0.0,
        0.0,
        0.0,
        0.0,
        0.0,
        0.7939814925193787,
        0.7731481194496155
      ],
      [
        0.0,
        0.0,
        0.0,
        0.0,
        0.0,
        0.0,
        0.0,
        0.0,
        0.0,
        0.8055555820465088
      ]
    ]
  ],
  "fact_accuracy_over_time": [
    [
      0.9745370149612427,
      0.9513888955116272,
      0.9305555820465088,
      0.9398148059844971,
      0.9236111044883728,
      0.9120370149612427,
      0.8194444179534912,
      0.8217592835426331,
      0.7939814925193787,
      0.8055555820465088
    ]
  ],
  "fact_retention": [
    [
      0.8872685432434082,
      0.8801440596580505,
      0.8767361044883728,
      0.8766534328460693,
      0.8746141791343689,
      0.8740741014480591,
      0.8674768805503845,
      0.8680555820465088,
      0.8645833134651184,
      0.8495370149612427
    ]
  ],
  "fact_selectivity": [
    0.5814814567565918
  ],
  "fact_selectivity_matrix": [
    [
      [
        0.5555555820465088,
        0.5879629850387573,
        0.5648148059844971,
        0.5462962985038757,
        0.5324074029922485,
        0.5324074029922485,
        0.5277777910232544,
        0.5370370149612427,
        0.5462962985038757,
        0.5416666865348816
      ],
      [
        0.0,
        0.5879629850387573,
        0.5925925970077515,
        0.5833333134651184,
        0.5555555820465088,
        0.5555555820465088,
        0.5648148059844971,
        0.5555555820465088,
        0.5601851940155029,
        0.5601851940155029
      ],
      [
        0.0,
        0.0,
        0.5648148059844971,
        0.5231481194496155,
        0.5370370149612427,
        0.5462962985038757,
        0.5370370149612427,
        0.5462962985038757,
        0.5648148059844971,
        0.5601851940155029
      ],
      [
        0.0,
        0.0,
        0.0,
        0.5509259104728699,
        0.5416666865348816,
        0.5324074029922485,
        0.5416666865348816,
        0.5416666865348816,
        0.5555555820465088,
        0.5555555820465088
      ],
      [
        0.0,
        0.0,
        0.0,
        0.0,
        0.5879629850387573,
        0.5833333134651184,
        0.5694444179534912,
        0.5879629850387573,
        0.5879629850387573,
        0.6018518805503845
      ],
      [
        0.0,
        0.0,
        0.0,
        0.0,
        0.0,
        0.5879629850387573,
        0.6018518805503845,
        0.5972222089767456,
        0.6018518805503845,
        0.5925925970077515
      ],
      [
        0.0,
        0.0,
        0.0,
        0.0,
        0.0,
        0.0,
        0.6342592835426331,
        0.6342592835426331,
        0.6481481194496155,
        0.6527777910232544
      ],
      [
        0.0,
        0.0,
        0.0,
        0.0,
        0.0,
        0.0,
        0.0,
        0.5648148059844971,
        0.5648148059844971,
        0.5740740895271301
      ],
      [
        0.0,
        0.0,
        0.0,
        0.0,
        0.0,
        0.0,
        0.0,
        0.0,
        0.6157407164573669,
        0.6203703880310059
      ],
      [
        0.0,
        0.0,
        0.0,
        0.0,
        0.0,
        0.0,
        0.0,
        0.0,
        0.0,
        0.5648148059844971
      ]
    ]
  ],
  "fact_specificity": [
    0.7361111044883728
  ],
  "fact_specificity_matrix": [
    [
      [
        0.7685185074806213,
        0.7268518805503845,
        0.7222222089767456,
        0.7129629850387573,
        0.6990740895271301,
        0.6851851940155029,
        0.6944444179534912,
        0.6851851940155029,
        0.6944444179534912,
        0.6805555820465088
      ],
      [
        0.0,
        0.7222222089767456,
        0.6944444179534912,
        0.6805555820465088,
        0.6666666865348816,
        0.6666666865348816,
        0.6481481194496155,
        0.6435185074806213,
        0.6388888955116272,
        0.6481481194496155
      ],
      [
        0.0,
        0.0,
        0.7731481194496155,
        0.7777777910232544,
        0.7592592835426331,
        0.7453703880310059,
        0.75,
        0.7453703880310059,
        0.75,
        0.7592592835426331
      ],
      [
        0.0,
        0.0,
        0.0,
        0.7222222089767456,
        0.6944444179534912,
        0.6944444179534912,
        0.6851851940155029,
        0.6759259104728699,
        0.6851851940155029,
        0.6759259104728699
      ],
      [
        0.0,
        0.0,
        0.0,
        0.0,
        0.7314814925193787,
        0.7361111044883728,
        0.7268518805503845,
        0.7314814925193787,
        0.7222222089767456,
        0.7268518805503845
      ],
      [
        0.0,
        0.0,
        0.0,
        0.0,
        0.0,
        0.6990740895271301,
        0.6990740895271301,
        0.6944444179534912,
        0.6898148059844971,
        0.6851851940155029
      ],
      [
        0.0,
        0.0,
        0.0,
        0.0,
        0.0,
        0.0,
        0.7453703880310059,
        0.7453703880310059,
        0.7314814925193787,
        0.7361111044883728
      ],
      [
        0.0,
        0.0,
        0.0,
        0.0,
        0.0,
        0.0,
        0.0,
        0.7314814925193787,
        0.7361111044883728,
        0.7407407164573669
      ],
      [
        0.0,
        0.0,
        0.0,
        0.0,
        0.0,
        0.0,
        0.0,
        0.0,
        0.7222222089767456,
        0.7129629850387573
      ],
      [
        0.0,
        0.0,
        0.0,
        0.0,
        0.0,
        0.0,
        0.0,
        0.0,
        0.0,
        0.7453703880310059
      ]
    ]
  ],
  "flops_per_token": [
    [
      0.0,
      0.0,
      0.0,
      0.0,
      0.0,
      0.0,
      0.0,
      0.0,
      0.0,
      0.0
    ]
  ],
  "loss": [
    1.188347339630127
  ],
  "non_compositions": [
    0.0
  ]
}