{
  "compositions": [
    0.0
  ],
  "fact_accuracy": [
    0.8157894611358643
  ],
  "fact_accuracy_matrix": [
    [
      [
        0.75,
        0.800000011920929,
        0.7666666507720947,
        0.7333333492279053,
        0.800000011920929,
        0.7333333492279053,
        0.6000000238418579,
        0.7666666507720947,
        0.6333333253860474,
        0.6000000238418579
      ],
      [
        0.0,
        0.875,
        0.9142857193946838,
        0.7714285850524902,
        0.800000011920929,
        0.7428571581840515,
        0.800000011920929,
        0.7142857313156128,
        0.7428571581840515,
        0.6857143044471741
      ],
      [
        0.0,
        0.0,
        0.8999999761581421,
        0.8857142925262451,
        0.8857142925262451,
        0.800000011920929,
        0.800000011920929,
        0.800000011920929,
        0.8285714387893677,
        0.800000011920929
      ],
      [
        0.0,
        0.0,
        0.0,
        0.7931034564971924,
        0.9459459185600281,
        0.8684210777282715,
        0.7631579041481018,
        0.8421052694320679,
        0.7894737124443054,
        0.7894737124443054
      ],
      [
        0.0,
        0.0,
        0.0,
        0.0,
        0.8461538553237915,
        0.6896551847457886,
        0.7666666507720947,
        0.800000011920929,
        0.699999988079071,
        0.7333333492279053
      ],
      [
        0.0,
        0.0,
        0.0,
        0.0,
        0.0,
        0.8148148059844971,
        0.7878788113594055,
        0.7272727489471436,
        0.6969696879386902,
        0.7272727489471436
      ],
      [
        0.0,
        0.0,
        0.0,
        0.0,
        0.0,
        0.0,
        0.875,
        0.8571428656578064,
        0.8571428656578064,
        0.7142857313156128
      ],
      [
        0.0,
        0.0,
        0.0,
        0.0,
        0.0,
        0.0,
        0.0,
        0.75,
        0.8571428656578064,
        0.75
      ],
      [
        0.0,
        0.0,
        0.0,
        0.0,
        0.0,
        0.0,
        0.0,
        0.0,
        0.6800000071525574,
        0.75
      ],
      [
        0.0,
        0.0,
        0.0,
        0.0,
        0.0,
        0.0,
        0.0,
        0.0,
        0.0,
        0.8399999737739563
      ]
    ]
  ],
  "fact_accuracy_over_time": [
    [
      0.75,
      0.875,
      0.8999999761581421,
      0.7931034564971924,
      0.8461538553237915,
      0.8148148059844971,
      0.875,
      0.75,
      0.6800000071525574,
      0.8399999737739563
    ]
  ],
  "fact_retention": [
    [
      0.8157894611358643,
      0.8367347121238708,
      0.8030303120613098,
      0.758474588394165,
      0.7711442708969116,
      0.773809552192688,
      0.739130437374115,
      0.7699999809265137,
      0.6615384817123413,
      0.6000000238418579
    ]
  ],
  "fact_selectivity": [
    0.6609195470809937
  ],
  "fact_selectivity_matrix": [
    [
      [
        0.6190476417541504,
        0.5,
        0.5,
        0.5,
        0.26923078298568726,
        0.3076923191547394,
        0.3076923191547394,
        0.26923078298568726,
        0.38461539149284363,
        0.3461538553237915
      ],
      [
        0.0,
        0.6666666865348816,
        0.6551724076271057,
        0.5517241358757019,
        0.5517241358757019,
        0.5517241358757019,
        0.5517241358757019,
        0.517241358757019,
        0.5517241358757019,
        0.5517241358757019
      ],
      [
        0.0,
        0.0,
        0.6190476417541504,
        0.6399999856948853,
        0.6000000238418579,
        0.5199999809265137,
        0.4399999976158142,
        0.4399999976158142,
        0.4000000059604645,
        0.4000000059604645
      ],
      [
        0.0,
        0.0,
        0.0,
        0.6875,
        0.4545454680919647,
        0.5454545617103577,
        0.3181818127632141,
        0.27272728085517883,
        0.27272728085517883,
        0.22727273404598236
      ],
      [
        0.0,
        0.0,
        0.0,
        0.0,
        0.7368420958518982,
        0.5806451439857483,
        0.6774193644523621,
        0.5806451439857483,
        0.4838709533214569,
        0.4516128897666931
      ],
      [
        0.0,
        0.0,
        0.0,
        0.0,
        0.0,
        0.5454545617103577,
        0.43478259444236755,
        0.625,
        0.5,
        0.4583333432674408
      ],
      [
        0.0,
        0.0,
        0.0,
        0.0,
        0.0,
        0.0,
        0.6428571343421936,
        0.5769230723381042,
        0.6785714030265808,
        0.6785714030265808
      ],
      [
        0.0,
        0.0,
        0.0,
        0.0,
        0.0,
        0.0,
        0.0,
        0.7647058963775635,
        0.6666666865348816,
        0.699999988079071
      ],
      [
        0.0,
        0.0,
        0.0,
        0.0,
        0.0,
        0.0,
        0.0,
        0.0,
        0.8888888955116272,
        0.5
      ],
      [
        0.0,
        0.0,
        0.0,
        0.0,
        0.0,
        0.0,
        0.0,
        0.0,
        0.0,
        0.375
      ]
    ]
  ],
  "fact_specificity": [
    0.9208333492279053
  ],
  "fact_specificity_matrix": [
    [
      [
        0.9629629850387573,
        0.9666666388511658,
        0.9333333373069763,
        0.9333333373069763,
        0.8999999761581421,
        0.8999999761581421,
        0.8999999761581421,
        0.8999999761581421,
        0.8666666746139526,
        0.8666666746139526
      ],
      [
        0.0,
        0.96875,
        1.0,
        1.0,
        0.970588207244873,
        0.970588207244873,
        0.9411764740943909,
        0.970588207244873,
        0.9117646813392639,
        0.9117646813392639
      ],
      [
        0.0,
        0.0,
        0.8518518805503845,
        0.9117646813392639,
        0.8529411554336548,
        0.8529411554336548,
        0.8823529481887817,
        0.8235294222831726,
        0.8529411554336548,
        0.8529411554336548
      ],
      [
        0.0,
        0.0,
        0.0,
        0.9166666865348816,
        0.875,
        0.875,
        0.875,
        0.875,
        0.84375,
        0.8125
      ],
      [
        0.0,
        0.0,
        0.0,
        0.0,
        0.8999999761581421,
        0.9655172228813171,
        0.9655172228813171,
        0.931034505367279,
        0.9655172228813171,
        0.931034505367279
      ],
      [
        0.0,
        0.0,
        0.0,
        0.0,
        0.0,
        1.0,
        0.9354838728904724,
        0.90625,
        0.9375,
        0.90625
      ],
      [
        0.0,
        0.0,
        0.0,
        0.0,
        0.0,
        0.0,
        0.9130434989929199,
        0.8620689511299133,
        0.9032257795333862,
        0.9032257795333862
      ],
      [
        0.0,
        0.0,
        0.0,
        0.0,
        0.0,
        0.0,
        0.0,
        0.9444444179534912,
        1.0,
        1.0
      ],
      [
        0.0,
        0.0,
        0.0,
        0.0,
        0.0,
        0.0,
        0.0,
        0.0,
        0.800000011920929,
        0.8928571343421936
      ],
      [
        0.0,
        0.0,
        0.0,
        0.0,
        0.0,
        0.0,
        0.0,
        0.0,
        0.0,
        0.9230769276618958
      ]
    ]
  ],
  "flops_per_token": [
    [
      0.0,
      0.0,
      0.0,
      0.0,
      0.0,
      0.0,
      0.0,
      0.0,
      0.0,
      0.0
    ]
  ],
  "format_accuracy": [
    1.0
  ],