{
  "compositions": [
    0.0
  ],
  "fact_accuracy": [
    0.7907627820968628
  ],
  "fact_accuracy_matrix": [
    [
      [
        0.8588235378265381,
        0.8539325594902039,
        0.7977527976036072,
        0.6966292262077332,
        0.7078651785850525,
        0.7078651785850525,
        0.6629213690757751,
        0.7078651785850525,
        0.6516854166984558,
        0.5955055952072144
      ],
      [
        0.0,
        0.8630136847496033,
        0.871345043182373,
        0.8070175647735596,
        0.719298243522644,
        0.707602322101593,
        0.707602322101593,
        0.7017543911933899,
        0.7134503126144409,
        0.6725146174430847
      ],
      [
        0.0,
        0.0,
        0.7702702879905701,
        0.8066298365592957,
        0.7016574740409851,
        0.6408839821815491,
        0.7071823477745056,
        0.7127071619033813,
        0.6187845468521118,
        0.6298342347145081
      ],
      [
        0.0,
        0.0,
        0.0,
        0.7925925850868225,
        0.8181818127632141,
        0.7212121486663818,
        0.6484848260879517,
        0.6969696879386902,
        0.6484848260879517,
        0.6242424249649048
      ],
      [
        0.0,
        0.0,
        0.0,
        0.0,
        0.782608687877655,
        0.8047337532043457,
        0.729411780834198,
        0.658823549747467,
        0.7117646932601929,
        0.6823529601097107
      ],
      [
        0.0,
        0.0,
        0.0,
        0.0,
        0.0,
        0.7801418304443359,
        0.8313953280448914,
        0.7126436829566956,
        0.6494252681732178,
        0.6724137663841248
      ],
      [
        0.0,
        0.0,
        0.0,
        0.0,
        0.0,
        0.0,
        0.7803030014038086,
        0.851190447807312,
        0.726190447807312,
        0.6904761791229248
      ],
      [
        0.0,
        0.0,
        0.0,
        0.0,
        0.0,
        0.0,
        0.0,
        0.798561155796051,
        0.8146067261695862,
        0.7111111283302307
      ],
      [
        0.0,
        0.0,
        0.0,
        0.0,
        0.0,
        0.0,
        0.0,
        0.0,
        0.7410072088241577,
        0.7852760553359985
      ],
      [
        0.0,
        0.0,
        0.0,
        0.0,
        0.0,
        0.0,
        0.0,
        0.0,
        0.0,
        0.7234042286872864
      ]
    ]
  ],
  "fact_accuracy_over_time": [
    [
      0.8588235378265381,
      0.8630136847496033,
      0.7702702879905701,
      0.7925925850868225,
      0.782608687877655,
      0.7801418304443359,
      0.7803030014038086,
      0.798561155796051,
      0.7410072088241577,
      0.7234042286872864
    ]
  ],
  "fact_retention": [
    [
      0.7907627820968628,
      0.8265371918678284,
      0.7382840514183044,
      0.6719138622283936,
      0.7006736993789673,
      0.6924855709075928,
      0.6517985463142395,
      0.6830188632011414,
      0.6618911027908325,
      0.5955055952072144
    ]
  ],
  "fact_selectivity": [
    0.5150166749954224
  ],
  "fact_selectivity_matrix": [
    [
      [
        0.5350877046585083,
        0.4264705777168274,
        0.47058823704719543,
        0.44117647409439087,
        0.3970588147640228,
        0.4264705777168274,
        0.3897058963775635,
        0.36764705181121826,
        0.3897058963775635,
        0.3897058963775635
      ],
      [
        0.0,
        0.40776699781417847,
        0.4202898442745209,
        0.4855072498321533,
        0.49275362491607666,
        0.34057971835136414,
        0.39855071902275085,
        0.4637681245803833,
        0.39855071902275085,
        0.47101449966430664
      ],
      [
        0.0,
        0.0,
        0.5,
        0.3695652186870575,
        0.41304346919059753,
        0.47826087474823,
        0.3550724685192108,
        0.32608696818351746,
        0.37681159377098083,
        0.28985506296157837
      ],
      [
        0.0,
        0.0,
        0.0,
        0.5463917255401611,
        0.4335664212703705,
        0.4861111044883728,
        0.5069444179534912,
        0.4027777910232544,
        0.4027777910232544,
        0.4652777910232544
      ],
      [
        0.0,
        0.0,
        0.0,
        0.0,
        0.4642857015132904,
        0.3550724685192108,
        0.40425533056259155,
        0.44680851697921753,
        0.38297873735427856,
        0.3758865296840668
      ],
      [
        0.0,
        0.0,
        0.0,
        0.0,
        0.0,
        0.5348837375640869,
        0.45528456568717957,
        0.44354838132858276,
        0.4354838728904724,
        0.3306451737880707
      ],
      [
        0.0,
        0.0,
        0.0,
        0.0,
        0.0,
        0.0,
        0.5569620132446289,
        0.4253731369972229,
        0.4264705777168274,
        0.4485294222831726
      ],
      [
        0.0,
        0.0,
        0.0,
        0.0,
        0.0,
        0.0,
        0.0,
        0.5199999809265137,
        0.4196428656578064,
        0.5089285969734192
      ],
      [
        0.0,
        0.0,
        0.0,
        0.0,
        0.0,
        0.0,
        0.0,
        0.0,
        0.5256410241127014,
        0.45384615659713745
      ],
      [
        0.0,
        0.0,
        0.0,
        0.0,
        0.0,
        0.0,
        0.0,
        0.0,
        0.0,
        0.5822784900665283
      ]
    ]
  ],
  "fact_specificity": [
    0.8005996942520142
  ],
  "fact_specificity_matrix": [
    [
      [
        0.8571428656578064,
        0.8156424760818481,
        0.7821229100227356,
        0.7877094745635986,
        0.7597765326499939,
        0.74301677942276,
        0.7318435907363892,
        0.7039105892181396,
        0.7094972133636475,
        0.6871508359909058
      ],
      [
        0.0,
        0.8092105388641357,
        0.7784430980682373,
        0.7485029697418213,
        0.7365269660949707,
        0.7245509028434753,
        0.6946107745170593,
        0.6766467094421387,
        0.71257483959198,
        0.688622772693634
      ],
      [
        0.0,
        0.0,
        0.8571428656578064,
        0.8092485666275024,
        0.7919074892997742,
        0.7398843765258789,
        0.7514451146125793,
        0.7456647157669067,
        0.7398843765258789,
        0.7283236980438232
      ],
      [
        0.0,
        0.0,
        0.0,
        0.7560975551605225,
        0.7674418687820435,
        0.7283236980438232,
        0.7225433588027954,
        0.7167630195617676,
        0.763005793094635,
        0.7572254538536072
      ],
      [
        0.0,
        0.0,
        0.0,
        0.0,
        0.8524590134620667,
        0.8181818127632141,
        0.7740113139152527,
        0.7514124512672424,
        0.7175140976905823,
        0.7401130199432373
      ],
      [
        0.0,
        0.0,
        0.0,
        0.0,
        0.0,
        0.7967479825019836,
        0.8143712282180786,
        0.761904776096344,
        0.761904776096344,
        0.726190447807312
      ],
      [
        0.0,
        0.0,
        0.0,
        0.0,
        0.0,
        0.0,
        0.75,
        0.7882353067398071,
        0.7368420958518982,
        0.7017543911933899
      ],
      [
        0.0,
        0.0,
        0.0,
        0.0,
        0.0,
        0.0,
        0.0,
        0.7637795209884644,
        0.7821229100227356,
        0.7333333492279053
      ],
      [
        0.0,
        0.0,
        0.0,
        0.0,
        0.0,
        0.0,
        0.0,
        0.0,
        0.7734375,
        0.7577639818191528
      ],
      [
        0.0,
        0.0,
        0.0,
        0.0,
        0.0,
        0.0,
        0.0,
        0.0,
        0.0,
        0.7583333253860474
      ]
    ]
  ],
  "flops_per_token": [
    [
      0.0,
      0.0,
      0.0,
      0.0,
      0.0,
      0.0,
      0.0,
      0.0,
      0.0,
      0.0
    ]
  ],
  "format_accuracy": [
    0.043385110795497894
  ],